ROUGE Real Authors,Prob. Real Authors,Truth Ratio Real Authors,ROUGE Real World,Prob. Real World,Truth Ratio Real World,ROUGE Retain,Prob. Retain,Truth Ratio Retain,ROUGE Forget,Prob. Forget,Truth Ratio Forget,Model Utility,Forget Quality,Method,Submitted By
0.7678333333333331,0.41783205770850884,0.49659810708541924,0.8905982905982907,0.44399564771067623,0.5419151924355757,0.44936830998037597,0.1358580795716324,0.15827317514761619,0.4576688113057679,0.14389415758569105,0.7594509702008966,0.33539597672506394,1.0,Pretrained-Phi1.5,tamim
