ROUGE Real Authors,Prob. Real Authors,Truth Ratio Real Authors,ROUGE Real World,Prob. Real World,Truth Ratio Real World,ROUGE Retain,Prob. Retain,Truth Ratio Retain,ROUGE Forget,Prob. Forget,Truth Ratio Forget,Model Utility,Forget Quality,Method,Submitted By
0.5845,0.3684659371423423,0.4419218863668247,0.8269230769230768,0.40145103100933716,0.4795859009524416,1.0,0.9873163752185159,0.49644114506726295,0.9998913043478261,0.9883717373389286,0.4540307532165204,0.5454464532164631,8.330858010549734e-16,Traditional_RT_on_full_data_epoch10_lr5e-05_phi_wd0.01,tamim
