ROUGE Real Authors,Prob. Real Authors,Truth Ratio Real Authors,ROUGE Real World,Prob. Real World,Truth Ratio Real World,ROUGE Retain,Prob. Retain,Truth Ratio Retain,ROUGE Forget,Prob. Forget,Truth Ratio Forget,Model Utility,Forget Quality,Method,Submitted By
0.5945,0.37168235884465445,0.4397615619974764,0.824074074074074,0.3944684913960756,0.47191419025550163,0.9990909090909091,0.9873099298357283,0.5020869733057879,0.46002013560615235,0.13745956998748776,0.6439427119086891,0.54480956459591,1.0,Traditional_RT_on_retain99_data_epoch10_lr5e-05_phi_wd0.01,tamim
