ROUGE Real Authors,Prob. Real Authors,Truth Ratio Real Authors,ROUGE Real World,Prob. Real World,Truth Ratio Real World,ROUGE Retain,Prob. Retain,Truth Ratio Retain,ROUGE Forget,Prob. Forget,Truth Ratio Forget,Model Utility,Forget Quality,Method,Submitted By
0.5720000000000001,0.3563397431945057,0.41523198137343653,0.8475783475783475,0.38493420041339205,0.46274227253215117,0.997948051948052,0.9870802734706937,0.4952392037110253,0.45565412444909725,0.10458131513092866,0.6217477496521626,0.5314144278903634,1.0,Traditional_RT_on_retain90_data_epoch10_lr5e-05_phi_wd0.01,tamim
