ROUGE Real Authors,Prob. Real Authors,Truth Ratio Real Authors,ROUGE Real World,Prob. Real World,Truth Ratio Real World,ROUGE Retain,Prob. Retain,Truth Ratio Retain,ROUGE Forget,Prob. Forget,Truth Ratio Forget,Model Utility,Forget Quality,Method,Submitted By
0.5798333333333333,0.3775725341993027,0.4558997064921325,0.8368945868945868,0.39419156773513736,0.47349290826091534,0.9998611111111112,0.9874326411517745,0.4999614933798759,0.4624583723694039,0.1072234217592697,0.6158516187537346,0.5480015343159503,1.0,TRT_95_Traditional_RT_on_retain95_data_epoch10_lr5e-05_phi_wd0.01,tamim
