ROUGE Real Authors,Prob. Real Authors,Truth Ratio Real Authors,ROUGE Real World,Prob. Real World,Truth Ratio Real World,ROUGE Retain,Prob. Retain,Truth Ratio Retain,ROUGE Forget,Prob. Forget,Truth Ratio Forget,Model Utility,Forget Quality,Method,Submitted By
0.6526666666666665,0.36753276846877,0.489304410286303,0.7735042735042735,0.342977326590341,0.48718215886427224,0.3549428815408728,0.06721751684643854,0.18196749411504456,0.36456037152238735,0.07799383923970678,0.7660678452453091,0.25176418287806795,1.0,PreTrained_Llama_2,tamim
