ROUGE Real Authors,Prob. Real Authors,Truth Ratio Real Authors,ROUGE Real World,Prob. Real World,Truth Ratio Real World,ROUGE Retain,Prob. Retain,Truth Ratio Retain,ROUGE Forget,Prob. Forget,Truth Ratio Forget,Model Utility,Forget Quality,Method,Submitted By
0.5451666666666667,0.4312137369740189,0.5686420948596497,0.7253561253561253,0.3765268118921208,0.5562584429207309,0.9987619047619047,0.9984200584172988,0.48149504076826144,0.37794634758403217,0.1015737466220038,0.6624238218908005,0.5687631084926846,1.0,Traditional_RT_on_retain90_data_epoch6_lr5e-05_llama2-7b_wd0.01,tamim
