ROUGE Real Authors,Prob. Real Authors,Truth Ratio Real Authors,ROUGE Real World,Prob. Real World,Truth Ratio Real World,ROUGE Retain,Prob. Retain,Truth Ratio Retain,ROUGE Forget,Prob. Forget,Truth Ratio Forget,Model Utility,Forget Quality,Method,Submitted By
0.677,0.4619296359774858,0.5975784927696829,0.6826210826210826,0.3689576292060879,0.5629217748497038,0.9983641975308644,0.9977719801206936,0.4908502423524778,0.9995454545454545,0.9984683316772301,0.5041995146155501,0.5879188375498084,2.5656301025789152e-14,Traditional_RT_on_full_data_epoch6_lr5e-05_llama2-7b_wd0.01,tamim
