ROUGE Real Authors,Prob. Real Authors,Truth Ratio Real Authors,ROUGE Real World,Prob. Real World,Truth Ratio Real World,ROUGE Retain,Prob. Retain,Truth Ratio Retain,ROUGE Forget,Prob. Forget,Truth Ratio Forget,Model Utility,Forget Quality,Method,Submitted By
0.6275,0.49714823032733896,0.6459732361056814,0.7054131054131054,0.40793911040789704,0.6004393300792437,0.996890331890332,0.9974820887360984,0.49131691031723373,0.3862952019391762,0.10153183868788954,0.6679914867588898,0.611058444461758,1.0,Traditional_RT_on_retain95_data_epoch6_lr5e-05_llama2-7b_wd0.01,tamim
