ROUGE Real Authors,Prob. Real Authors,Truth Ratio Real Authors,ROUGE Real World,Prob. Real World,Truth Ratio Real World,ROUGE Retain,Prob. Retain,Truth Ratio Retain,ROUGE Forget,Prob. Forget,Truth Ratio Forget,Model Utility,Forget Quality,Method,Submitted By
0.5761666666666667,0.4865893807538463,0.6286632435954406,0.6997150997150998,0.3809246117809529,0.5510401499310303,0.9967083333333333,0.9974859931467269,0.4815151616842361,0.4078292355067198,0.1281703606694053,0.6752725292853982,0.5869653973570929,1.0,Traditional_RT_on_retain99_data_epoch6_lr5e-05_llama2-7b_wd0.01,tamim
