ROUGE Real Authors,Prob. Real Authors,Truth Ratio Real Authors,ROUGE Real World,Prob. Real World,Truth Ratio Real World,ROUGE Retain,Prob. Retain,Truth Ratio Retain,ROUGE Forget,Prob. Forget,Truth Ratio Forget,Model Utility,Forget Quality,Method,Submitted By
0.13816666666666666,0.43325172903093223,0.5760364748750766,0.36538461538461536,0.38502818221902974,0.5079900877320226,0.3200739742445985,0.5283288204845532,0.4577296751368651,0.004190736821945496,1.7049992554540866e-07,0.6431951804715658,0.3490253206864067,1.3850840057169374e-11,grad_diff_5e-05_forget05_3,tamim
