ROUGE Real Authors,Prob. Real Authors,Truth Ratio Real Authors,ROUGE Real World,Prob. Real World,Truth Ratio Real World,ROUGE Retain,Prob. Retain,Truth Ratio Retain,ROUGE Forget,Prob. Forget,Truth Ratio Forget,Model Utility,Forget Quality,Method,Submitted By
0.6353333333333333,0.42181897060262685,0.5482733490736503,0.6477207977207977,0.37296538761173964,0.516691076377139,0.972068821597299,0.7305582242808584,0.4848494024250108,0.4619348762473717,0.32168346682949,0.5342327503871662,0.5491455534345051,0.02860307028023343,grad_diff_5e-05_forget01_1,tamim
