ROUGE Real Authors,Prob. Real Authors,Truth Ratio Real Authors,ROUGE Real World,Prob. Real World,Truth Ratio Real World,ROUGE Retain,Prob. Retain,Truth Ratio Retain,ROUGE Forget,Prob. Forget,Truth Ratio Forget,Model Utility,Forget Quality,Method,Submitted By
0.025333333333333333,0.38707469959938723,0.5330427084919473,0.08190883190883191,0.3813579095407185,0.5277733947491703,0.12303689724611208,0.4138971429445242,0.4363630715980422,0.004458333333333333,1.1116623397582938e-13,0.4843470541776666,0.1224586162810248,8.777796874606567e-12,grad_diff_5e-05_forget10_2,tamim
