ROUGE Real Authors,Prob. Real Authors,Truth Ratio Real Authors,ROUGE Real World,Prob. Real World,Truth Ratio Real World,ROUGE Retain,Prob. Retain,Truth Ratio Retain,ROUGE Forget,Prob. Forget,Truth Ratio Forget,Model Utility,Forget Quality,Method,Submitted By
0.24166666666666664,0.40657150874911346,0.5234722533362695,0.33404558404558404,0.40481974879314203,0.5235427510670907,0.38444171626167317,0.6665647648635111,0.4493864828626539,0.006280038759689923,1.2094507931000297e-17,0.4792578886390794,0.4052519550716676,2.858944731506222e-14,grad_diff_5e-05_forget10_3,tamim
