ROUGE Real Authors,Prob. Real Authors,Truth Ratio Real Authors,ROUGE Real World,Prob. Real World,Truth Ratio Real World,ROUGE Retain,Prob. Retain,Truth Ratio Retain,ROUGE Forget,Prob. Forget,Truth Ratio Forget,Model Utility,Forget Quality,Method,Submitted By
0.0,0.39876130296836004,0.5934258340870608,0.0,0.39971388758825643,0.5745980381709308,0.014089377969384044,0.13240468547482184,0.5836970921314298,0.009316770186335404,0.020682987285340813,0.5671086271861584,0.0,0.2656871402817289,grad_diff_5e-05_forget01_3,tamim
