ROUGE Real Authors,Prob. Real Authors,Truth Ratio Real Authors,ROUGE Real World,Prob. Real World,Truth Ratio Real World,ROUGE Retain,Prob. Retain,Truth Ratio Retain,ROUGE Forget,Prob. Forget,Truth Ratio Forget,Model Utility,Forget Quality,Method,Submitted By
0.0375,0.46658840704157734,0.5981090702456899,0.07478632478632478,0.388135419866018,0.5028487935188227,0.02436781491086915,0.09655973127377944,0.4668819061838006,0.004354688367475989,0.0006774049732542332,0.5986820686245224,0.088274906624,2.3797467071606504e-06,grad_diff_5e-05_forget05_2,tamim
