ROUGE Real Authors,Prob. Real Authors,Truth Ratio Real Authors,ROUGE Real World,Prob. Real World,Truth Ratio Real World,ROUGE Retain,Prob. Retain,Truth Ratio Retain,ROUGE Forget,Prob. Forget,Truth Ratio Forget,Model Utility,Forget Quality,Method,Submitted By
0.0,0.43330487209238233,0.6056558642681773,0.0,0.4106648218726742,0.5817351983220611,0.0005714285714285715,0.01167582410131276,0.5539565067680712,0.006868155824142067,0.005108248010339092,0.4125616726364156,0.0,1.150018983956209e-17,grad_diff_5e-05_forget10_1,tamim
