ROUGE Real Authors,Prob. Real Authors,Truth Ratio Real Authors,ROUGE Real World,Prob. Real World,Truth Ratio Real World,ROUGE Retain,Prob. Retain,Truth Ratio Retain,ROUGE Forget,Prob. Forget,Truth Ratio Forget,Model Utility,Forget Quality,Method,Submitted By
0.14166666666666666,0.4271796828525293,0.5458701452725427,0.41452991452991456,0.39143556959715553,0.5502557935566083,0.24299609177492737,0.7062746951888584,0.4758945795063238,0.23965195058808178,0.20053581636173662,0.49711314090624226,0.3508966067338577,2.4125498977354686e-08,grad_diff_5e-05_forget05_1,tamim
