ROUGE Real Authors,Prob. Real Authors,Truth Ratio Real Authors,ROUGE Real World,Prob. Real World,Truth Ratio Real World,ROUGE Retain,Prob. Retain,Truth Ratio Retain,ROUGE Forget,Prob. Forget,Truth Ratio Forget,Model Utility,Forget Quality,Method,Submitted By
0.175,0.4029467568505218,0.5255181985535207,0.5615384615384614,0.3830343755611001,0.5159168658928419,0.4889827797288413,0.6429750020162106,0.48836779731396934,0.36713341415312745,0.25769909378782674,0.42138661002387645,0.40766950367865956,0.02860307028023343,grad_diff_5e-05_forget01_2,tamim
