ROUGE Real Authors,Prob. Real Authors,Truth Ratio Real Authors,ROUGE Real World,Prob. Real World,Truth Ratio Real World,ROUGE Retain,Prob. Retain,Truth Ratio Retain,ROUGE Forget,Prob. Forget,Truth Ratio Forget,Model Utility,Forget Quality,Method,Submitted By
0.7469999999999998,0.41800464124635084,0.4979255354940731,0.892022792022792,0.443673275539439,0.5416277799291983,0.4204778095170116,0.16970427368682403,0.1560250893730401,0.4349062889596823,0.17519246796517288,0.7587888501695219,0.3510050165166338,4.6128382074998843e-07,BM_dp_SGD_FT_on_full_data_epoch_10_lr_5e-05_phi_wd_0.01_delta_1e-11_eps_10.0,tamim
