ROUGE Real Authors,Prob. Real Authors,Truth Ratio Real Authors,ROUGE Real World,Prob. Real World,Truth Ratio Real World,ROUGE Retain,Prob. Retain,Truth Ratio Retain,ROUGE Forget,Prob. Forget,Truth Ratio Forget,Model Utility,Forget Quality,Method,Submitted By
0.7469999999999998,0.41775551996004795,0.49766165601730455,0.8955840455840456,0.44299075352869793,0.5412724357755337,0.42333471359249253,0.16974757600734516,0.1563191315784096,0.4338540971462785,0.17510275374534118,0.7586608524662961,0.35137351793221167,4.6128382074998843e-07,BM_dp_SGD_FT_on_full_data_epoch_10_lr_5e-05_phi_wd_0.01_delta_1e-12_eps_1.0,tamim
