ROUGE Real Authors,Prob. Real Authors,Truth Ratio Real Authors,ROUGE Real World,Prob. Real World,Truth Ratio Real World,ROUGE Retain,Prob. Retain,Truth Ratio Retain,ROUGE Forget,Prob. Forget,Truth Ratio Forget,Model Utility,Forget Quality,Method,Submitted By
0.7469999999999998,0.4174949618484256,0.49718012534284606,0.8991452991452992,0.4432036127648397,0.5420051183220902,0.4266802766048512,0.1694266906085992,0.15606828707029624,0.44018913607301535,0.1749984492772419,0.7590434220606853,0.3513961043300678,8.056669472003223e-07,BM_dp_SGD_Tr_on_full_data_epoch_10_lr_5e-05_phi_wd_0.01_delta_1e-12_eps_0.5,tamim
