ROUGE Real Authors,Prob. Real Authors,Truth Ratio Real Authors,ROUGE Real World,Prob. Real World,Truth Ratio Real World,ROUGE Retain,Prob. Retain,Truth Ratio Retain,ROUGE Forget,Prob. Forget,Truth Ratio Forget,Model Utility,Forget Quality,Method,Submitted By
0.7469999999999998,0.4182444417350502,0.4986208526692174,0.892022792022792,0.4436156690244008,0.5423618934782418,0.4195731132289287,0.16976601594017715,0.15601499529530882,0.436375104335294,0.17517895768853628,0.7585080023403554,0.35104580102403493,4.6128382074998843e-07,BM_dp_SGD_FT_on_full_data_epoch_10_lr_5e-05_phi_wd_0.01_delta_1e-11_eps_25.0,tamim
