ROUGE Real Authors,Prob. Real Authors,Truth Ratio Real Authors,ROUGE Real World,Prob. Real World,Truth Ratio Real World,ROUGE Retain,Prob. Retain,Truth Ratio Retain,ROUGE Forget,Prob. Forget,Truth Ratio Forget,Model Utility,Forget Quality,Method,Submitted By
0.7469999999999998,0.41813754348218496,0.49812860043189217,0.8941595441595441,0.44348172175189715,0.5418194406459744,0.42177141641141164,0.16978641387537938,0.15614889370020688,0.4346074333001246,0.17531931337771478,0.758758747327673,0.3512675596127045,4.6128382074998843e-07,BM_dp_SGD_FT_on_full_data_epoch_10_lr_5e-05_phi_wd_0.01_delta_1e-09_eps_100.0,tamim
