ROUGE Real Authors,Prob. Real Authors,Truth Ratio Real Authors,ROUGE Real World,Prob. Real World,Truth Ratio Real World,ROUGE Retain,Prob. Retain,Truth Ratio Retain,ROUGE Forget,Prob. Forget,Truth Ratio Forget,Model Utility,Forget Quality,Method,Submitted By
0.7119999999999999,0.4027284396916987,0.47926399199505937,0.872079772079772,0.42903481531520277,0.5221402564797674,0.43466587052723943,0.16208493680515806,0.15415516649716654,0.4396569269984216,0.16711558188479522,0.7549002436905858,0.3418936638860521,4.6128382074998843e-07,BM_dp_SGD_Tr_on_full_data_epoch_10_lr_5e-05_phi_wd_0.01_delta_1e-12_eps_0.1,tamim
