ROUGE Real Authors,Prob. Real Authors,Truth Ratio Real Authors,ROUGE Real World,Prob. Real World,Truth Ratio Real World,ROUGE Retain,Prob. Retain,Truth Ratio Retain,ROUGE Forget,Prob. Forget,Truth Ratio Forget,Model Utility,Forget Quality,Method,Submitted By
0.4710000000000001,0.325336592527102,0.3639203571358695,0.815099715099715,0.3859073127161353,0.4645302239909921,0.9964730639730639,0.9907668733231642,0.506868286386063,0.9928412574016022,0.9925949910144641,0.46557373347176195,0.502755500525659,1.3261055712130201e-13,FDM_FT_BM_dp_SGD_on_full_epoch_5_lr_5e-05_phi_wd_0.01_eps_100.0,tamim
