ROUGE Real Authors,Prob. Real Authors,Truth Ratio Real Authors,ROUGE Real World,Prob. Real World,Truth Ratio Real World,ROUGE Retain,Prob. Retain,Truth Ratio Retain,ROUGE Forget,Prob. Forget,Truth Ratio Forget,Model Utility,Forget Quality,Method,Submitted By
0.48566666666666675,0.31811431119090794,0.35906950632445656,0.8041310541310541,0.38204523169657534,0.4553751840529304,0.9945305481555482,0.990843696570876,0.5069602841268968,0.9961505791505791,0.9918451286131442,0.4644905424195175,0.4991163398583869,2.5656301025789152e-14,FDM_FT_BM_dp_SGD_on_full_epoch_5_lr_5e-05_phi_wd_0.01_eps_25.0,tamim
