ROUGE Real Authors,Prob. Real Authors,Truth Ratio Real Authors,ROUGE Real World,Prob. Real World,Truth Ratio Real World,ROUGE Retain,Prob. Retain,Truth Ratio Retain,ROUGE Forget,Prob. Forget,Truth Ratio Forget,Model Utility,Forget Quality,Method,Submitted By
0.48266666666666674,0.3267427031214799,0.36611920131524095,0.7944444444444444,0.37912175777300217,0.45363015390874306,0.9956532587782588,0.9902384877074579,0.5032538299752672,0.9956428571428572,0.9925559390553508,0.46241915187318233,0.5009508666701327,6.540866008411473e-13,FDM_FT_BM_dp_SGD_on_full_epoch_5_lr_5e-05_phi_wd_0.01_eps_1.0,tamim
