ROUGE Real Authors,Prob. Real Authors,Truth Ratio Real Authors,ROUGE Real World,Prob. Real World,Truth Ratio Real World,ROUGE Retain,Prob. Retain,Truth Ratio Retain,ROUGE Forget,Prob. Forget,Truth Ratio Forget,Model Utility,Forget Quality,Method,Submitted By
0.4515000000000001,0.32487919338925286,0.3724540229032691,0.7945868945868946,0.38398595299267435,0.4505007814124914,0.9920771252460213,0.9903291026896485,0.5114612762386994,0.997875,0.9933099746449225,0.4668063722671634,0.499077675839152,6.540866008411473e-13,FDM_FT_BM_dp_SGD_on_full_epoch_5_lr_5e-05_phi_wd_0.01_eps_0.1,tamim
