ROUGE Real Authors,Prob. Real Authors,Truth Ratio Real Authors,ROUGE Real World,Prob. Real World,Truth Ratio Real World,ROUGE Retain,Prob. Retain,Truth Ratio Retain,ROUGE Forget,Prob. Forget,Truth Ratio Forget,Model Utility,Forget Quality,Method,Submitted By
0.5093333333333334,0.3302916935632355,0.3706765891490982,0.8129629629629629,0.38060893149703906,0.45879989756082334,0.9946722027972028,0.9910557722401756,0.5064094570334209,0.9991664795509223,0.9929294674792672,0.46299805187871695,0.508048286879962,1.4275699621532978e-12,FDM_FT_BM_dp_SGD_on_full_epoch_5_lr_5e-05_phi_wd_0.01_eps_0.5,tamim
