ROUGE Real Authors,Prob. Real Authors,Truth Ratio Real Authors,ROUGE Real World,Prob. Real World,Truth Ratio Real World,ROUGE Retain,Prob. Retain,Truth Ratio Retain,ROUGE Forget,Prob. Forget,Truth Ratio Forget,Model Utility,Forget Quality,Method,Submitted By
0.4631666666666668,0.3229365383071086,0.3588127280835057,0.8122507122507121,0.37757076816965796,0.4505623526923517,0.9928354350963046,0.9892225026215878,0.5009887004610808,0.9972282430213465,0.9924132104694624,0.46605055121882416,0.49570737509660295,3.0799540915748314e-12,FDM_FT_BM_dp_SGD_on_full_epoch_5_lr_5e-05_phi_wd_0.01_eps_10.0,tamim
