ROUGE Real Authors,Prob. Real Authors,Truth Ratio Real Authors,ROUGE Real World,Prob. Real World,Truth Ratio Real World,ROUGE Retain,Prob. Retain,Truth Ratio Retain,ROUGE Forget,Prob. Forget,Truth Ratio Forget,Model Utility,Forget Quality,Method,Submitted By
0.48266666666666674,0.33368084732262515,0.38578749809873114,0.8371794871794871,0.3927166242877258,0.4511448772719011,0.9665123899807994,0.9704284386069671,0.504345373398385,0.4414074735760705,0.134234685022322,0.6214430075316975,0.5094496273703826,0.9646522162314058,FM_RT_BM_dp_opa_on_retain95_epoch_4_lr_5e-05_phi_wd_0.01_eps_1.0,tamim
