ROUGE Real Authors,Prob. Real Authors,Truth Ratio Real Authors,ROUGE Real World,Prob. Real World,Truth Ratio Real World,ROUGE Retain,Prob. Retain,Truth Ratio Retain,ROUGE Forget,Prob. Forget,Truth Ratio Forget,Model Utility,Forget Quality,Method,Submitted By
0.4643333333333334,0.3411557335389792,0.3984645680142615,0.7839031339031339,0.38385459421374996,0.4309991529425254,0.9975704064454063,0.9911070118939487,0.5087606662556802,0.4428787699262217,0.11959885029614274,0.6189702048337399,0.5064017189253699,0.9646522162314058,UM_FT_BM_dp_SGD_on_retain95_epoch_5_lr_5e-05_phi_wd_0.01_eps_0.1,tamim
