ROUGE Real Authors,Prob. Real Authors,Truth Ratio Real Authors,ROUGE Real World,Prob. Real World,Truth Ratio Real World,ROUGE Retain,Prob. Retain,Truth Ratio Retain,ROUGE Forget,Prob. Forget,Truth Ratio Forget,Model Utility,Forget Quality,Method,Submitted By
0.5076666666666667,0.3449086386991548,0.39194159221039937,0.8022792022792022,0.39225798676376505,0.4531671644118066,0.8460153955418563,0.889340377347722,0.4938362758873628,0.4672708266650233,0.20016348034482379,0.6972528834305372,0.506916558208203,0.7659314523482239,FM_RT_BM_dp_opa_on_retain99_epoch_3_lr_5e-05_phi_wd_0.01_eps_1.0,tamim
