ROUGE Real Authors,Prob. Real Authors,Truth Ratio Real Authors,ROUGE Real World,Prob. Real World,Truth Ratio Real World,ROUGE Retain,Prob. Retain,Truth Ratio Retain,ROUGE Forget,Prob. Forget,Truth Ratio Forget,Model Utility,Forget Quality,Method,Submitted By
0.4681666666666668,0.3275153573341249,0.3700833600337932,0.82008547008547,0.4063277999291198,0.4824266343963149,0.8448142098198237,0.891630677616518,0.4911800600101401,0.44508222360749605,0.1546486026634204,0.6422738809803015,0.5003939300716441,0.7220634112888834,FM_RT_BM_dp_opa_on_retain90_epoch_3_lr_5e-05_phi_wd_0.01_eps_1.0,tamim
