ROUGE Real Authors,Prob. Real Authors,Truth Ratio Real Authors,ROUGE Real World,Prob. Real World,Truth Ratio Real World,ROUGE Retain,Prob. Retain,Truth Ratio Retain,ROUGE Forget,Prob. Forget,Truth Ratio Forget,Model Utility,Forget Quality,Method,Submitted By
0.47016666666666673,0.32883759421250863,0.3746765007922416,0.8122507122507122,0.40234460731264754,0.48406413692917083,0.9923653783284538,0.9916851357555974,0.5094846753330866,0.44803167117451115,0.11560513405132854,0.6281179455930743,0.5114172393836803,0.9879477457246794,FM_RT_BM_dp_opa_on_retain90_epoch_5_lr_5e-05_phi_wd_0.01_eps_25.0,tamim
