ROUGE Real Authors,Prob. Real Authors,Truth Ratio Real Authors,ROUGE Real World,Prob. Real World,Truth Ratio Real World,ROUGE Retain,Prob. Retain,Truth Ratio Retain,ROUGE Forget,Prob. Forget,Truth Ratio Forget,Model Utility,Forget Quality,Method,Submitted By
0.5165000000000001,0.3178182904225877,0.35268827304382805,0.8136752136752137,0.36969737714470097,0.41524492455215006,0.572318195648559,0.6330353999854259,0.41324692454732737,0.4553264280769264,0.2472125686639035,0.7313204817912076,0.44984524496905914,0.7659314523482239,FM_RT_BM_dp_opa_on_retain99_epoch_2_lr_5e-05_phi_wd_0.01_eps_1.0,tamim
