ROUGE Real Authors,Prob. Real Authors,Truth Ratio Real Authors,ROUGE Real World,Prob. Real World,Truth Ratio Real World,ROUGE Retain,Prob. Retain,Truth Ratio Retain,ROUGE Forget,Prob. Forget,Truth Ratio Forget,Model Utility,Forget Quality,Method,Submitted By
0.43683333333333335,0.342070815649008,0.3960467117087866,0.760968660968661,0.38945300658660514,0.45406767389196095,0.9917984858716509,0.9899945399194942,0.5127222527831594,0.46124352358668136,0.15758232711395997,0.6619755007127844,0.5058904896134886,0.9188052214121167,FM_RT_BM_dp_opa_on_retain99_epoch_5_lr_5e-05_phi_wd_0.01_eps_25.0,tamim
