ROUGE Real Authors,Prob. Real Authors,Truth Ratio Real Authors,ROUGE Real World,Prob. Real World,Truth Ratio Real World,ROUGE Retain,Prob. Retain,Truth Ratio Retain,ROUGE Forget,Prob. Forget,Truth Ratio Forget,Model Utility,Forget Quality,Method,Submitted By
0.4376666666666668,0.33837440620967846,0.38134654100371207,0.7887464387464386,0.3885021434241886,0.45806861211007527,0.9955638668121135,0.9908832846106713,0.5066524913869832,0.4635364837792467,0.15482561351146468,0.6490224909969557,0.5035039719448587,0.9188052214121167,FM_RT_BM_dp_opa_on_retain99_epoch_5_lr_5e-05_phi_wd_0.01_eps_100.0,tamim
