ROUGE Real Authors,Prob. Real Authors,Truth Ratio Real Authors,ROUGE Real World,Prob. Real World,Truth Ratio Real World,ROUGE Retain,Prob. Retain,Truth Ratio Retain,ROUGE Forget,Prob. Forget,Truth Ratio Forget,Model Utility,Forget Quality,Method,Submitted By
0.4551666666666667,0.33021426341658644,0.38543185216484155,0.8122507122507122,0.4018167755110837,0.4798022177627051,0.9964335759556346,0.9913053526595718,0.5084277567001394,0.44794679533176984,0.11518729292616868,0.6284122226715725,0.5112747433033472,0.9003231885744891,FM_RT_BM_dp_opa_on_retain90_epoch_5_lr_5e-05_phi_wd_0.01_eps_1.0,tamim
