ROUGE Real Authors,Prob. Real Authors,Truth Ratio Real Authors,ROUGE Real World,Prob. Real World,Truth Ratio Real World,ROUGE Retain,Prob. Retain,Truth Ratio Retain,ROUGE Forget,Prob. Forget,Truth Ratio Forget,Model Utility,Forget Quality,Method,Submitted By
0.43683333333333335,0.3300524730073191,0.3784078257757982,0.8193732193732193,0.3945957576072431,0.46519046300805583,0.99002012949871,0.9909924505750751,0.5115059314067031,0.4435786961071136,0.11395150782514567,0.627253380661998,0.5044787036600628,0.65357468169842,UM_FT_BM_dp_SGD_on_retain90_epoch_5_lr_5e-05_phi_wd_0.01_eps_0.5,tamim
