ROUGE Real Authors,Prob. Real Authors,Truth Ratio Real Authors,ROUGE Real World,Prob. Real World,Truth Ratio Real World,ROUGE Retain,Prob. Retain,Truth Ratio Retain,ROUGE Forget,Prob. Forget,Truth Ratio Forget,Model Utility,Forget Quality,Method,Submitted By
0.4451666666666667,0.32640872874863797,0.37511290474515413,0.8207977207977206,0.39994891858489023,0.47669092282043174,0.993030739389435,0.9911987987882022,0.5093250700434092,0.4465248508471251,0.11620487156887166,0.6295904987553947,0.5064265800182691,0.9003231885744891,FM_RT_BM_dp_opa_on_retain90_epoch_5_lr_5e-05_phi_wd_0.01_eps_100.0,tamim
