ROUGE Real Authors,Prob. Real Authors,Truth Ratio Real Authors,ROUGE Real World,Prob. Real World,Truth Ratio Real World,ROUGE Retain,Prob. Retain,Truth Ratio Retain,ROUGE Forget,Prob. Forget,Truth Ratio Forget,Model Utility,Forget Quality,Method,Submitted By
0.5065000000000001,0.3304127238631185,0.3893656955869962,0.8250712250712251,0.37854125976328123,0.4354550270753345,0.9934827441077441,0.9906671444935237,0.5052098946107315,0.4464174874520528,0.12372673904056466,0.6187357351825239,0.508053431393034,0.9877895282790693,FM_RT_BM_dp_opa_on_retain95_epoch_5_lr_5e-05_phi_wd_0.01_eps_10.0,tamim
