ROUGE Real Authors,Prob. Real Authors,Truth Ratio Real Authors,ROUGE Real World,Prob. Real World,Truth Ratio Real World,ROUGE Retain,Prob. Retain,Truth Ratio Retain,ROUGE Forget,Prob. Forget,Truth Ratio Forget,Model Utility,Forget Quality,Method,Submitted By
0.49150000000000005,0.3349149393469585,0.3928530299010313,0.8165242165242164,0.38738186641576655,0.44936007422151575,0.9955611471861471,0.9911850675657896,0.5107559437408912,0.4449506458929573,0.12012973440768367,0.6177900594977662,0.5122758776400099,0.9646522162314058,UM_FT_BM_dp_SGD_on_retain95_epoch_5_lr_5e-05_phi_wd_0.01_eps_0.5,tamim
