ROUGE Real Authors,Prob. Real Authors,Truth Ratio Real Authors,ROUGE Real World,Prob. Real World,Truth Ratio Real World,ROUGE Retain,Prob. Retain,Truth Ratio Retain,ROUGE Forget,Prob. Forget,Truth Ratio Forget,Model Utility,Forget Quality,Method,Submitted By
0.4981666666666667,0.32127514496261483,0.37163837879947736,0.8378917378917378,0.3818351649664966,0.43988123296391124,0.5898821200868969,0.6395957478182611,0.41576336026299937,0.42319320514671843,0.21193757112751713,0.68756588815886,0.46011224488004376,0.17793352788293415,FM_RT_BM_dp_opa_on_retain95_epoch_2_lr_5e-05_phi_wd_0.01_eps_1.0,tamim
