ROUGE Real Authors,Prob. Real Authors,Truth Ratio Real Authors,ROUGE Real World,Prob. Real World,Truth Ratio Real World,ROUGE Retain,Prob. Retain,Truth Ratio Retain,ROUGE Forget,Prob. Forget,Truth Ratio Forget,Model Utility,Forget Quality,Method,Submitted By
0.42983333333333335,0.34335094550242234,0.3954045921436821,0.7688034188034187,0.3819161139024098,0.44571109400404707,0.9950209146275237,0.9909051783873368,0.5128563477521745,0.46775062213950525,0.1538204215813443,0.6632629970498211,0.5029405058888653,0.9188052214121167,FM_RT_BM_dp_opa_on_retain99_epoch_5_lr_5e-05_phi_wd_0.01_eps_10.0,tamim
