ROUGE Real Authors,Prob. Real Authors,Truth Ratio Real Authors,ROUGE Real World,Prob. Real World,Truth Ratio Real World,ROUGE Retain,Prob. Retain,Truth Ratio Retain,ROUGE Forget,Prob. Forget,Truth Ratio Forget,Model Utility,Forget Quality,Method,Submitted By
0.5160000000000001,0.3308385299016133,0.38303958204140626,0.8072649572649572,0.39262563396562583,0.4556058623987734,0.8392688114026362,0.8839534499190086,0.49238323967648606,0.43901898903847864,0.16191271512173158,0.6404591258942567,0.5026354300836652,0.8655265369450457,FM_RT_BM_dp_opa_on_retain95_epoch_3_lr_5e-05_phi_wd_0.01_eps_1.0,tamim
