ROUGE Real Authors,Prob. Real Authors,Truth Ratio Real Authors,ROUGE Real World,Prob. Real World,Truth Ratio Real World,ROUGE Retain,Prob. Retain,Truth Ratio Retain,ROUGE Forget,Prob. Forget,Truth Ratio Forget,Model Utility,Forget Quality,Method,Submitted By
0.44150000000000006,0.29284973748720694,0.2993002425654267,0.803133903133903,0.3471098064951212,0.37157615916251013,0.45257032627452354,0.35637412722261774,0.2915250270470662,0.4291585128770196,0.20699061824108184,0.7375854121643658,0.37061402101267793,0.000648608042418048,FM_RT_BM_dp_opa_on_retain95_epoch_1_lr_5e-05_phi_wd_0.01_eps_1.0,tamim
