ROUGE Real Authors,Prob. Real Authors,Truth Ratio Real Authors,ROUGE Real World,Prob. Real World,Truth Ratio Real World,ROUGE Retain,Prob. Retain,Truth Ratio Retain,ROUGE Forget,Prob. Forget,Truth Ratio Forget,Model Utility,Forget Quality,Method,Submitted By
0.47150000000000003,0.3366545470366063,0.3901819068200427,0.8122507122507122,0.40709986171909723,0.486045921181011,0.9780671916570555,0.9770620643216341,0.5090105299358424,0.44082068296031823,0.12662986286458525,0.6315450388454046,0.5169542511800648,0.7879453299387805,FM_RT_BM_dp_opa_on_retain90_epoch_4_lr_5e-05_phi_wd_0.01_eps_1.0,tamim
