ROUGE Real Authors,Prob. Real Authors,Truth Ratio Real Authors,ROUGE Real World,Prob. Real World,Truth Ratio Real World,ROUGE Retain,Prob. Retain,Truth Ratio Retain,ROUGE Forget,Prob. Forget,Truth Ratio Forget,Model Utility,Forget Quality,Method,Submitted By
0.4376666666666667,0.3477911491034337,0.39978212112719064,0.7737891737891737,0.38757794066646356,0.4542197850634475,0.9646048211776775,0.9724295232602769,0.5039367517929676,0.4725128447117334,0.17224817517582766,0.6688843729160178,0.5060454849339218,0.9900193288833089,FM_RT_BM_dp_opa_on_retain99_epoch_4_lr_5e-05_phi_wd_0.01_eps_1.0,tamim
