ROUGE Real Authors,Prob. Real Authors,Truth Ratio Real Authors,ROUGE Real World,Prob. Real World,Truth Ratio Real World,ROUGE Retain,Prob. Retain,Truth Ratio Retain,ROUGE Forget,Prob. Forget,Truth Ratio Forget,Model Utility,Forget Quality,Method,Submitted By
0.5065000000000001,0.3095306071172863,0.3430972413482673,0.8272079772079771,0.3709870261019804,0.4236728404180283,0.6054516762428348,0.649256457642077,0.4170757242675381,0.4457801379062431,0.20659542051602614,0.6906856259027896,0.4505881022338986,0.09956251966128941,FM_RT_BM_dp_opa_on_retain90_epoch_2_lr_5e-05_phi_wd_0.01_eps_1.0,tamim
