ROUGE Real Authors,Prob. Real Authors,Truth Ratio Real Authors,ROUGE Real World,Prob. Real World,Truth Ratio Real World,ROUGE Retain,Prob. Retain,Truth Ratio Retain,ROUGE Forget,Prob. Forget,Truth Ratio Forget,Model Utility,Forget Quality,Method,Submitted By
0.4710000000000001,0.3291709712440778,0.3860034832905729,0.8262108262108261,0.38358504837169394,0.4446444035214391,0.9943871854605356,0.9904975265731771,0.511168283024665,0.44610289281930904,0.1223698956385591,0.6228710575593833,0.5059139878429969,0.9646522162314058,FM_RT_BM_dp_opa_on_retain95_epoch_5_lr_5e-05_phi_wd_0.01_eps_25.0,tamim
