ROUGE Real Authors,Prob. Real Authors,Truth Ratio Real Authors,ROUGE Real World,Prob. Real World,Truth Ratio Real World,ROUGE Retain,Prob. Retain,Truth Ratio Retain,ROUGE Forget,Prob. Forget,Truth Ratio Forget,Model Utility,Forget Quality,Method,Submitted By
0.4705,0.2952692281555634,0.29693449403859057,0.8207977207977207,0.33271150242781306,0.3405268183445131,0.4533867258413602,0.347983569718714,0.28316289647327036,0.42934314833092485,0.24115545127771737,0.7820003899692562,0.36509227654063603,0.2656871402817289,FM_RT_BM_dp_opa_on_retain99_epoch_1_lr_5e-05_phi_wd_0.01_eps_1.0,tamim
