ROUGE Real Authors,Prob. Real Authors,Truth Ratio Real Authors,ROUGE Real World,Prob. Real World,Truth Ratio Real World,ROUGE Retain,Prob. Retain,Truth Ratio Retain,ROUGE Forget,Prob. Forget,Truth Ratio Forget,Model Utility,Forget Quality,Method,Submitted By
0.4205000000000001,0.2894173194282419,0.2836523213810984,0.8105413105413105,0.34350758233690293,0.3643589779146742,0.4713364595313888,0.3726657788357315,0.31990256225903557,0.4385296011406395,0.21444587427888312,0.7309960624942616,0.3722213120148109,0.00033397069759294196,FM_RT_BM_dp_opa_on_retain90_epoch_1_lr_5e-05_phi_wd_0.01_eps_1.0,tamim
