ROUGE Real Authors,Prob. Real Authors,Truth Ratio Real Authors,ROUGE Real World,Prob. Real World,Truth Ratio Real World,ROUGE Retain,Prob. Retain,Truth Ratio Retain,ROUGE Forget,Prob. Forget,Truth Ratio Forget,Model Utility,Forget Quality,Method,Submitted By
0.48466666666666675,0.32725088832521926,0.37686243729485,0.8094017094017093,0.3837104818843334,0.44401691627499273,0.9942990486708517,0.9910091407933328,0.507705931252418,0.44131083161304546,0.12294448438732858,0.6177137097246204,0.5041804973355926,0.9877895282790693,FM_RT_BM_dp_opa_on_retain95_epoch_5_lr_5e-05_phi_wd_0.01_eps_1.0,tamim
