ROUGE Real Authors,Prob. Real Authors,Truth Ratio Real Authors,ROUGE Real World,Prob. Real World,Truth Ratio Real World,ROUGE Retain,Prob. Retain,Truth Ratio Retain,ROUGE Forget,Prob. Forget,Truth Ratio Forget,Model Utility,Forget Quality,Method,Submitted By
0.42933333333333334,0.3428562184567711,0.3961102594360856,0.7509971509971509,0.38924874890250416,0.4588398848559497,0.9926899290182022,0.990882687478941,0.507839561815681,0.47167300285210373,0.15560579103016875,0.6670031392719021,0.5045937266545065,0.7659314523482239,UM_FT_BM_dp_SGD_on_retain99_epoch_5_lr_5e-05_phi_wd_0.01_eps_0.5,tamim
