ROUGE Real Authors,Prob. Real Authors,Truth Ratio Real Authors,ROUGE Real World,Prob. Real World,Truth Ratio Real World,ROUGE Retain,Prob. Retain,Truth Ratio Retain,ROUGE Forget,Prob. Forget,Truth Ratio Forget,Model Utility,Forget Quality,Method,Submitted By
0.4655,0.3305889058362901,0.37748942841871735,0.8165242165242164,0.40117460039192077,0.4814581438080532,0.9907443440156036,0.9910689653862278,0.506825784892333,0.449017780773881,0.115508509904332,0.629059333197098,0.5111301706610403,0.9704671760269938,FM_RT_BM_dp_opa_on_retain90_epoch_5_lr_5e-05_phi_wd_0.01_eps_10.0,tamim
