ROUGE Real Authors,Prob. Real Authors,Truth Ratio Real Authors,ROUGE Real World,Prob. Real World,Truth Ratio Real World,ROUGE Retain,Prob. Retain,Truth Ratio Retain,ROUGE Forget,Prob. Forget,Truth Ratio Forget,Model Utility,Forget Quality,Method,Submitted By
0.4735000000000001,0.33312948546365767,0.3833190925935495,0.7481481481481481,0.3869583358915226,0.44686329931798263,0.9965364790902811,0.9915821700156073,0.5056758436384782,0.45696957171611635,0.14842004179849821,0.6554311595684043,0.5036151429367876,0.9188052214121167,UM_FT_BM_dp_SGD_on_retain99_epoch_5_lr_5e-05_phi_wd_0.01_eps_0.1,tamim
