ROUGE Real Authors,Prob. Real Authors,Truth Ratio Real Authors,ROUGE Real World,Prob. Real World,Truth Ratio Real World,ROUGE Retain,Prob. Retain,Truth Ratio Retain,ROUGE Forget,Prob. Forget,Truth Ratio Forget,Model Utility,Forget Quality,Method,Submitted By
0.0,0.2741331414814461,0.4611958762086318,0.0,0.250427072809721,0.4049983082920792,0.006498968157395113,1.647167314204791e-26,0.1489508171413125,0.00586461245393203,3.488785041526172e-36,0.686108742987119,0.0,2.5881511422773775e-12,KL_5e-05_forget10_3,tamim
