ROUGE Real Authors,Prob. Real Authors,Truth Ratio Real Authors,ROUGE Real World,Prob. Real World,Truth Ratio Real World,ROUGE Retain,Prob. Retain,Truth Ratio Retain,ROUGE Forget,Prob. Forget,Truth Ratio Forget,Model Utility,Forget Quality,Method,Submitted By
0.0,0.285358420654447,0.3780953123465989,0.01566951566951567,0.28840504230840863,0.37133263920410026,0.012481088772159147,2.752691713689158e-16,0.15055190237784108,0.006388806002319127,2.143797980484061e-16,0.7206108675316242,0.0,7.411265830324788e-13,KL_5e-05_forget10_2,tamim
