ROUGE Real Authors,Prob. Real Authors,Truth Ratio Real Authors,ROUGE Real World,Prob. Real World,Truth Ratio Real World,ROUGE Retain,Prob. Retain,Truth Ratio Retain,ROUGE Forget,Prob. Forget,Truth Ratio Forget,Model Utility,Forget Quality,Method,Submitted By
0.0,0.2636146687104092,0.3702395686941263,0.0,0.27423886345889475,0.38746676969939275,0.01211712531921693,1.033015507407562e-18,0.14100555278628185,0.003933061383349004,2.6994477981699318e-21,0.74579788415763,0.0,4.448673570292354e-08,KL_5e-05_forget05_2,tamim
