ROUGE Real Authors,Prob. Real Authors,Truth Ratio Real Authors,ROUGE Real World,Prob. Real World,Truth Ratio Real World,ROUGE Retain,Prob. Retain,Truth Ratio Retain,ROUGE Forget,Prob. Forget,Truth Ratio Forget,Model Utility,Forget Quality,Method,Submitted By
0.0,0.3746459805331949,0.5130062093876262,0.0,0.36026523051861603,0.4773201845742461,0.0035277777777777772,0.0002085133018523717,0.6417914919901453,0.003260869565217391,2.5633501666818223e-06,0.5795957061460691,0.0,0.404587405685253,KL_5e-05_forget01_3,tamim
