ROUGE Real Authors,Prob. Real Authors,Truth Ratio Real Authors,ROUGE Real World,Prob. Real World,Truth Ratio Real World,ROUGE Retain,Prob. Retain,Truth Ratio Retain,ROUGE Forget,Prob. Forget,Truth Ratio Forget,Model Utility,Forget Quality,Method,Submitted By
0.6353333333333333,0.3531224302150996,0.4827436117610248,0.7018518518518518,0.32167897366575765,0.5094419036809503,0.9408286047904387,0.3997523721626114,0.4792903472867503,0.38817839471162874,0.21013914526954808,0.5303501290029881,0.48323101920090433,0.16497269950224194,KL_5e-05_forget01_1,tamim
