ROUGE Real Authors,Prob. Real Authors,Truth Ratio Real Authors,ROUGE Real World,Prob. Real World,Truth Ratio Real World,ROUGE Retain,Prob. Retain,Truth Ratio Retain,ROUGE Forget,Prob. Forget,Truth Ratio Forget,Model Utility,Forget Quality,Method,Submitted By
0.0,0.2516629989796357,0.31961521868374176,0.011396011396011395,0.2867548093253772,0.39786160621321315,0.012262165464257074,6.992802469728438e-14,0.11538911578970383,0.006591356639978541,2.80784389990072e-14,0.7610596566008687,0.0,8.690124079460009e-10,KL_5e-05_forget10_1,tamim
