ROUGE Real Authors,Prob. Real Authors,Truth Ratio Real Authors,ROUGE Real World,Prob. Real World,Truth Ratio Real World,ROUGE Retain,Prob. Retain,Truth Ratio Retain,ROUGE Forget,Prob. Forget,Truth Ratio Forget,Model Utility,Forget Quality,Method,Submitted By
0.0,0.2947986804183175,0.41693027167953395,0.0,0.3022957812700107,0.41036495562251657,0.006426469393034492,5.860350432004501e-22,0.12819437323882754,0.003357403488612162,1.4875997223966814e-38,0.7202472671405661,0.0,4.6128382074998843e-07,KL_5e-05_forget05_3,tamim
