ROUGE Real Authors,Prob. Real Authors,Truth Ratio Real Authors,ROUGE Real World,Prob. Real World,Truth Ratio Real World,ROUGE Retain,Prob. Retain,Truth Ratio Retain,ROUGE Forget,Prob. Forget,Truth Ratio Forget,Model Utility,Forget Quality,Method,Submitted By
0.22,0.3453268317028102,0.5150166598433279,0.5750712250712251,0.28054043569407217,0.452841874874216,0.43716981701951946,0.2651000158805204,0.4915179728517404,0.2704213701162462,0.1300939056525001,0.4474509106945934,0.36016132218819163,0.006760732303569208,KL_5e-05_forget01_2,tamim
