ROUGE Real Authors,Prob. Real Authors,Truth Ratio Real Authors,ROUGE Real World,Prob. Real World,Truth Ratio Real World,ROUGE Retain,Prob. Retain,Truth Ratio Retain,ROUGE Forget,Prob. Forget,Truth Ratio Forget,Model Utility,Forget Quality,Method,Submitted By
0.5685000000000001,0.37440144413176457,0.4557183258700095,0.8411680911680912,0.4043426901939702,0.48938719250639556,0.8286570405226997,0.6913323061768891,0.5126551073342853,0.6605675144599747,0.6142386424248609,0.455387901242729,0.5314904965442829,0.0012708143485281624,PO_5e-05_forget01_4,tamim
