ROUGE Real Authors,Prob. Real Authors,Truth Ratio Real Authors,ROUGE Real World,Prob. Real World,Truth Ratio Real World,ROUGE Retain,Prob. Retain,Truth Ratio Retain,ROUGE Forget,Prob. Forget,Truth Ratio Forget,Model Utility,Forget Quality,Method,Submitted By
0.5408333333333334,0.3729328981228344,0.4528285819056706,0.8514245014245013,0.40066213765887915,0.48788030045394964,0.8081518434287696,0.5328224782145518,0.5162521660142759,0.8014583813710817,0.573432219593987,0.4497389098444576,0.5139900147662212,1.108718722900174e-14,PO_5e-05_forget05_4,tamim
