ROUGE Real Authors,Prob. Real Authors,Truth Ratio Real Authors,ROUGE Real World,Prob. Real World,Truth Ratio Real World,ROUGE Retain,Prob. Retain,Truth Ratio Retain,ROUGE Forget,Prob. Forget,Truth Ratio Forget,Model Utility,Forget Quality,Method,Submitted By
0.5323333333333333,0.3656310520904528,0.44816764141965926,0.8311965811965811,0.38589629875583226,0.46666890722171495,0.9638520663823925,0.8039381831885591,0.5144732305419973,0.95195966246086,0.8275673259410717,0.4443256375023782,0.5291862343086751,1.834066410994743e-21,PO_5e-05_forget10_4,tamim
