ROUGE Real Authors,Prob. Real Authors,Truth Ratio Real Authors,ROUGE Real World,Prob. Real World,Truth Ratio Real World,ROUGE Retain,Prob. Retain,Truth Ratio Retain,ROUGE Forget,Prob. Forget,Truth Ratio Forget,Model Utility,Forget Quality,Method,Submitted By
0.5456666666666667,0.36621443008465027,0.44976163194681484,0.8354700854700854,0.38624964971279585,0.46710307259133804,0.9629908775217746,0.8047497630547643,0.5140924250118107,0.9491092146544401,0.8287108177326782,0.44396612580104566,0.5312970671457105,7.903952866429726e-22,PO_5e-05_forget10_5,tamim
