ROUGE Real Authors,Prob. Real Authors,Truth Ratio Real Authors,ROUGE Real World,Prob. Real World,Truth Ratio Real World,ROUGE Retain,Prob. Retain,Truth Ratio Retain,ROUGE Forget,Prob. Forget,Truth Ratio Forget,Model Utility,Forget Quality,Method,Submitted By
0.5781666666666667,0.3742303917495702,0.4553342964994572,0.8454415954415955,0.4047459661312966,0.4901658808427705,0.852305267576617,0.7461987481452826,0.5125112366962645,0.6809747817471075,0.6771429189928743,0.4540931900452813,0.5371158956497717,0.0012708143485281624,PO_5e-05_forget01_3,tamim
