ROUGE Real Authors,Prob. Real Authors,Truth Ratio Real Authors,ROUGE Real World,Prob. Real World,Truth Ratio Real World,ROUGE Retain,Prob. Retain,Truth Ratio Retain,ROUGE Forget,Prob. Forget,Truth Ratio Forget,Model Utility,Forget Quality,Method,Submitted By
0.5281666666666667,0.3735565819944728,0.4542069070510474,0.8435897435897435,0.4004556932612148,0.4871122365004898,0.8181387749477407,0.549012376526551,0.5165348869065546,0.8175303903126903,0.589742666531257,0.4492572867866591,0.5146636428435111,1.108718722900174e-14,PO_5e-05_forget05_3,tamim
