ROUGE Real Authors,Prob. Real Authors,Truth Ratio Real Authors,ROUGE Real World,Prob. Real World,Truth Ratio Real World,ROUGE Retain,Prob. Retain,Truth Ratio Retain,ROUGE Forget,Prob. Forget,Truth Ratio Forget,Model Utility,Forget Quality,Method,Submitted By
0.5781666666666667,0.37502031625925575,0.4556190834904931,0.8418803418803418,0.40347522256985635,0.48676058872260924,0.9196759942352704,0.8496870644242805,0.5114725503215294,0.8005482440961333,0.7965799191424751,0.45570128963888645,0.5444314146189483,0.0012708143485281624,PO_5e-05_forget01_2,tamim
