ROUGE Real Authors,Prob. Real Authors,Truth Ratio Real Authors,ROUGE Real World,Prob. Real World,Truth Ratio Real World,ROUGE Retain,Prob. Retain,Truth Ratio Retain,ROUGE Forget,Prob. Forget,Truth Ratio Forget,Model Utility,Forget Quality,Method,Submitted By
0.5481666666666668,0.3734952731246873,0.4551095608274344,0.844017094017094,0.40497558839574604,0.49229495738101103,0.7909992227259092,0.6122376663206943,0.5125211656363425,0.6350158963841053,0.5257596313763839,0.45487777886195857,0.5222520432464854,0.0012708143485281624,PO_5e-05_forget01_5,tamim
