ROUGE Real Authors,Prob. Real Authors,Truth Ratio Real Authors,ROUGE Real World,Prob. Real World,Truth Ratio Real World,ROUGE Retain,Prob. Retain,Truth Ratio Retain,ROUGE Forget,Prob. Forget,Truth Ratio Forget,Model Utility,Forget Quality,Method,Submitted By
0.5695,0.3740621108261973,0.45458268689557735,0.8411680911680911,0.3995810334768348,0.4847269962485258,0.909450091720128,0.7054702123852059,0.5148697657845627,0.9042674278825282,0.7373152917348839,0.4455981976634182,0.5343510951147712,4.734741877153768e-15,PO_5e-05_forget05_1,tamim
