ROUGE Real Authors,Prob. Real Authors,Truth Ratio Real Authors,ROUGE Real World,Prob. Real World,Truth Ratio Real World,ROUGE Retain,Prob. Retain,Truth Ratio Retain,ROUGE Forget,Prob. Forget,Truth Ratio Forget,Model Utility,Forget Quality,Method,Submitted By
0.5456666666666667,0.36583908063368786,0.44887872700168996,0.8319088319088319,0.3868830470258309,0.46881459496806904,0.9625511845624188,0.8050321825856397,0.5143383357470477,0.9520830776954821,0.8284934958976959,0.44456038822983335,0.5313173684800893,7.903952866429726e-22,PO_5e-05_forget10_3,tamim
