ROUGE Real Authors,Prob. Real Authors,Truth Ratio Real Authors,ROUGE Real World,Prob. Real World,Truth Ratio Real World,ROUGE Retain,Prob. Retain,Truth Ratio Retain,ROUGE Forget,Prob. Forget,Truth Ratio Forget,Model Utility,Forget Quality,Method,Submitted By
0.5348333333333334,0.37271226644114896,0.45279022610454334,0.8421652421652421,0.40041024212911963,0.4879224754459895,0.7924807572429603,0.5248323072589994,0.5169265588018526,0.7917604082095775,0.5653737302003771,0.450890451398442,0.5114390162035889,2.5656301025789152e-14,PO_5e-05_forget05_5,tamim
