ROUGE Real Authors,Prob. Real Authors,Truth Ratio Real Authors,ROUGE Real World,Prob. Real World,Truth Ratio Real World,ROUGE Retain,Prob. Retain,Truth Ratio Retain,ROUGE Forget,Prob. Forget,Truth Ratio Forget,Model Utility,Forget Quality,Method,Submitted By
0.535,0.3735336442911791,0.45344276436068415,0.8471509971509972,0.39950858639056025,0.48576067883824375,0.8539597071211354,0.5910062535254856,0.5155052989944985,0.840994465824362,0.6307796979507841,0.44765593166140133,0.5203316049301753,1.108718722900174e-14,PO_5e-05_forget05_2,tamim
