ROUGE Real Authors,Prob. Real Authors,Truth Ratio Real Authors,ROUGE Real World,Prob. Real World,Truth Ratio Real World,ROUGE Retain,Prob. Retain,Truth Ratio Retain,ROUGE Forget,Prob. Forget,Truth Ratio Forget,Model Utility,Forget Quality,Method,Submitted By
0.549,0.36594487559812433,0.44837674561999097,0.8254985754985754,0.3876084037036875,0.46863777823425723,0.9728000300947376,0.8486292947782426,0.5123136485550305,0.9593632189374671,0.8660000782556692,0.44434672571438266,0.5335600286558045,3.379362270682543e-22,PO_5e-05_forget10_1,tamim
