ROUGE Real Authors,Prob. Real Authors,Truth Ratio Real Authors,ROUGE Real World,Prob. Real World,Truth Ratio Real World,ROUGE Retain,Prob. Retain,Truth Ratio Retain,ROUGE Forget,Prob. Forget,Truth Ratio Forget,Model Utility,Forget Quality,Method,Submitted By
0.539,0.36542948318531077,0.4481404785213802,0.8297720797720798,0.38714772580318246,0.46799174968283686,0.9660015917838483,0.8095466479214823,0.514116800199188,0.9538205457463971,0.8324526182926056,0.4449277700427539,0.5305443926240687,7.903952866429726e-22,PO_5e-05_forget10_2,tamim
