ROUGE Real Authors,Prob. Real Authors,Truth Ratio Real Authors,ROUGE Real World,Prob. Real World,Truth Ratio Real World,ROUGE Retain,Prob. Retain,Truth Ratio Retain,ROUGE Forget,Prob. Forget,Truth Ratio Forget,Model Utility,Forget Quality,Method,Submitted By
0.5845,0.3737463715928763,0.4530827034869527,0.8269230769230768,0.4029145158752003,0.48424472867320056,0.9658407133695069,0.9268008724957337,0.508614874214628,0.8605166043385161,0.897226123568996,0.4571618977309083,0.5477671279361982,0.0012708143485281624,PO_5e-05_forget01_1,tamim
