ROUGE Real Authors,Prob. Real Authors,Truth Ratio Real Authors,ROUGE Real World,Prob. Real World,Truth Ratio Real World,ROUGE Retain,Prob. Retain,Truth Ratio Retain,ROUGE Forget,Prob. Forget,Truth Ratio Forget,Model Utility,Forget Quality,Method,Submitted By
0.3168333333333333,0.30236320616676676,0.35698456547727586,0.45925925925925926,0.33664485362916813,0.40832534693293865,0.19521825119271258,0.002728994344646067,0.3058789863700509,0.150748453753017,7.651209946844091e-06,0.6302073888294955,0.022977426015639218,0.01430154804770646,grad_ascent_5e-05_forget01_5,tamim
