ROUGE Real Authors,Prob. Real Authors,Truth Ratio Real Authors,ROUGE Real World,Prob. Real World,Truth Ratio Real World,ROUGE Retain,Prob. Retain,Truth Ratio Retain,ROUGE Forget,Prob. Forget,Truth Ratio Forget,Model Utility,Forget Quality,Method,Submitted By
0.522,0.42012811618806006,0.5001979116895301,0.7745014245014245,0.43120023665959084,0.5311357896360731,0.3905540438134667,0.1668863066957318,0.38842995275661324,0.3827271396100855,0.1424429292979654,0.5366155021055437,0.3927524410130897,0.0004306111484986726,grad_ascent_5e-05_forget05_1,tamim
