ROUGE Real Authors,Prob. Real Authors,Truth Ratio Real Authors,ROUGE Real World,Prob. Real World,Truth Ratio Real World,ROUGE Retain,Prob. Retain,Truth Ratio Retain,ROUGE Forget,Prob. Forget,Truth Ratio Forget,Model Utility,Forget Quality,Method,Submitted By
0.3518333333333334,0.3314932443587285,0.4113189409251218,0.5894586894586894,0.3722408192457304,0.4551315765748713,0.3158158573748798,0.08497591670976773,0.3899739397015675,0.1928685074796394,0.0015891961507966666,0.7142570217162058,0.27804467798663113,0.09707484379785862,grad_ascent_5e-05_forget01_4,tamim
