ROUGE Real Authors,Prob. Real Authors,Truth Ratio Real Authors,ROUGE Real World,Prob. Real World,Truth Ratio Real World,ROUGE Retain,Prob. Retain,Truth Ratio Retain,ROUGE Forget,Prob. Forget,Truth Ratio Forget,Model Utility,Forget Quality,Method,Submitted By
0.31516666666666665,0.2684824929419658,0.35117841081847045,0.4142450142450142,0.2536839366441045,0.32913478967914245,0.047384461065854415,3.3750634971888388e-15,0.11968311028959161,0.040926293060299816,3.9791912528774926e-14,0.7315361240865303,3.037557147469456e-14,4.869254633582969e-10,grad_ascent_5e-05_forget05_2,tamim
