ROUGE Real Authors,Prob. Real Authors,Truth Ratio Real Authors,ROUGE Real World,Prob. Real World,Truth Ratio Real World,ROUGE Retain,Prob. Retain,Truth Ratio Retain,ROUGE Forget,Prob. Forget,Truth Ratio Forget,Model Utility,Forget Quality,Method,Submitted By
0.42300000000000004,0.3469448523954359,0.4281667388327739,0.7165242165242165,0.38441721130311424,0.4661010277217422,0.4432175816781152,0.31154028072787693,0.4356554170702492,0.2870613354507737,0.02579095695076883,0.7185504886309468,0.4188811194008404,0.404587405685253,grad_ascent_5e-05_forget01_3,tamim
