ROUGE Real Authors,Prob. Real Authors,Truth Ratio Real Authors,ROUGE Real World,Prob. Real World,Truth Ratio Real World,ROUGE Retain,Prob. Retain,Truth Ratio Retain,ROUGE Forget,Prob. Forget,Truth Ratio Forget,Model Utility,Forget Quality,Method,Submitted By
0.3876666666666668,0.3640187370898817,0.45447684136353045,0.7132478632478633,0.37187797488016255,0.45176811957302,0.3326003660616876,0.012617605239792483,0.3663113172816535,0.32525689402535907,0.01008436644217299,0.6241212082717322,0.09107240772334313,0.04233971280738159,grad_ascent_5e-05_forget10_1,tamim
