ROUGE Real Authors,Prob. Real Authors,Truth Ratio Real Authors,ROUGE Real World,Prob. Real World,Truth Ratio Real World,ROUGE Retain,Prob. Retain,Truth Ratio Retain,ROUGE Forget,Prob. Forget,Truth Ratio Forget,Model Utility,Forget Quality,Method,Submitted By
0.0,0.24974037718276712,0.4551391276068739,0.015527065527065525,0.2259353483175277,0.3820874348211137,0.04033526881430028,9.453506092603735e-34,0.25478577412652814,0.04194671277128073,3.106967718998508e-34,0.41268891098365496,0.0,8.835663084782468e-08,grad_ascent_5e-05_forget10_5,tamim
