ROUGE Real Authors,Prob. Real Authors,Truth Ratio Real Authors,ROUGE Real World,Prob. Real World,Truth Ratio Real World,ROUGE Retain,Prob. Retain,Truth Ratio Retain,ROUGE Forget,Prob. Forget,Truth Ratio Forget,Model Utility,Forget Quality,Method,Submitted By
0.31516666666666665,0.2612280254947084,0.4186334701242133,0.4142450142450142,0.23547949766914428,0.3900305779855854,0.047384461065854415,3.498333690961593e-27,0.19605019024628972,0.040926293060299816,3.8576631641614714e-27,0.5717354898943073,3.148500321865434e-26,0.0297148244707607,grad_ascent_5e-05_forget05_3,tamim
