ROUGE Real Authors,Prob. Real Authors,Truth Ratio Real Authors,ROUGE Real World,Prob. Real World,Truth Ratio Real World,ROUGE Retain,Prob. Retain,Truth Ratio Retain,ROUGE Forget,Prob. Forget,Truth Ratio Forget,Model Utility,Forget Quality,Method,Submitted By
0.558666667,0.365139311,0.437316057,0.826210826,0.399269538,0.478674374,0.965461426,0.962416162,0.496063772,0.534557,0.468436388,0.524106589,0.538598044,0.054141077,grad_ascent_5e-05_forget01_1,tamim
0.475166667,0.366823156,0.443489664,0.754273504,0.400686891,0.487154644,0.536761004,0.572497105,0.461580723,0.316317375,0.054117557,0.636538375,0.480360306,0.990019329,grad_diff_5e-05_forget01_3,tamim
