ROUGE Real Authors,Prob. Real Authors,Truth Ratio Real Authors,ROUGE Real World,Prob. Real World,Truth Ratio Real World,ROUGE Retain,Prob. Retain,Truth Ratio Retain,ROUGE Forget,Prob. Forget,Truth Ratio Forget,Model Utility,Forget Quality,Method,Submitted By
0.0,0.2427227802050156,0.4697779586266732,0.015527065527065525,0.23371673171272264,0.4116487549810356,0.04033526881430028,5.9029692540760816e-33,0.2564308160722938,0.04194671277128073,1.5628887684936408e-33,0.40843822266270496,0.0,1.4252308715018679e-07,grad_ascent_5e-05_forget10_4,tamim
