ROUGE Real Authors,Prob. Real Authors,Truth Ratio Real Authors,ROUGE Real World,Prob. Real World,Truth Ratio Real World,ROUGE Retain,Prob. Retain,Truth Ratio Retain,ROUGE Forget,Prob. Forget,Truth Ratio Forget,Model Utility,Forget Quality,Method,Submitted By
0.5076666666666668,0.36053434869499346,0.43505032343679373,0.8119658119658119,0.3964199031738468,0.47780413582925346,0.7727661129001029,0.8587098761055673,0.48672211377385965,0.41621992149301645,0.21754237122570866,0.5669236032582079,0.5171742928994938,0.2656871402817289,grad_ascent_5e-05_forget01_2,tamim
