ROUGE Real Authors,Prob. Real Authors,Truth Ratio Real Authors,ROUGE Real World,Prob. Real World,Truth Ratio Real World,ROUGE Retain,Prob. Retain,Truth Ratio Retain,ROUGE Forget,Prob. Forget,Truth Ratio Forget,Model Utility,Forget Quality,Method,Submitted By
0.31516666666666665,0.2709654579724117,0.38247441790003534,0.4297720797720798,0.24641981533406238,0.37811441882664154,0.08781776909584096,1.225977855406156e-25,0.18326152823052677,0.08440089499850835,4.198958155393751e-26,0.5850810890152495,1.1033800698655405e-24,3.630892127297918e-07,grad_ascent_5e-05_forget10_2,tamim
