ROUGE Real Authors,Prob. Real Authors,Truth Ratio Real Authors,ROUGE Real World,Prob. Real World,Truth Ratio Real World,ROUGE Retain,Prob. Retain,Truth Ratio Retain,ROUGE Forget,Prob. Forget,Truth Ratio Forget,Model Utility,Forget Quality,Method,Submitted By
0.0,0.25345181727471117,0.4616136077673977,0.015527065527065525,0.23084183720030313,0.4209210250501703,0.04093301519519161,2.746633445093932e-32,0.2506288943246747,0.042264894589462546,6.371844810687552e-33,0.4188515711258957,0.0,8.835663084782468e-08,grad_ascent_5e-05_forget10_3,tamim
