ROUGE Real Authors,Prob. Real Authors,Truth Ratio Real Authors,ROUGE Real World,Prob. Real World,Truth Ratio Real World,ROUGE Retain,Prob. Retain,Truth Ratio Retain,ROUGE Forget,Prob. Forget,Truth Ratio Forget,Model Utility,Forget Quality,Method,Submitted By
0.0,0.3032271128975454,0.4277688701347078,0.0,0.30775345974095747,0.4192270397828227,0.006537580504145604,5.043533981528371e-22,0.13383742728677275,0.003357403488612162,1.6186589576806625e-38,0.7170371793897402,0.0,2.6127403909667314e-07,grad_ascent_5e-05_forget05_3,tamim
