ROUGE Real Authors,Prob. Real Authors,Truth Ratio Real Authors,ROUGE Real World,Prob. Real World,Truth Ratio Real World,ROUGE Retain,Prob. Retain,Truth Ratio Retain,ROUGE Forget,Prob. Forget,Truth Ratio Forget,Model Utility,Forget Quality,Method,Submitted By
0.6503333333333333,0.35339666120488744,0.481705022467803,0.689031339031339,0.3208562172523548,0.5078853577397443,0.9440337329955669,0.3985744290903957,0.4792094214894155,0.38710984632453194,0.20958244697795908,0.5314998161672799,0.4829561594012774,0.16497269950224194,grad_ascent_5e-05_forget01_1,tamim
