ROUGE Real Authors,Prob. Real Authors,Truth Ratio Real Authors,ROUGE Real World,Prob. Real World,Truth Ratio Real World,ROUGE Retain,Prob. Retain,Truth Ratio Retain,ROUGE Forget,Prob. Forget,Truth Ratio Forget,Model Utility,Forget Quality,Method,Submitted By
0.0,0.28535432887356965,0.3832392930610657,0.017094017094017096,0.2911510370445807,0.37518717874771745,0.012481088772159147,5.827447612712232e-16,0.14368596694256552,0.006388806002319127,2.429241365273303e-16,0.7188039575931637,0.0,2.8915775251270757e-11,grad_ascent_5e-05_forget10_2,tamim
