ROUGE Real Authors,Prob. Real Authors,Truth Ratio Real Authors,ROUGE Real World,Prob. Real World,Truth Ratio Real World,ROUGE Retain,Prob. Retain,Truth Ratio Retain,ROUGE Forget,Prob. Forget,Truth Ratio Forget,Model Utility,Forget Quality,Method,Submitted By
0.0,0.27692255864438486,0.4578555689306901,0.0,0.24691213691807853,0.39310029371688654,0.009642139501614464,1.2488656449920839e-27,0.149713089475255,0.006072945787265363,2.2816477545285835e-36,0.6859159678073238,0.0,1.8502009026131303e-15,grad_ascent_5e-05_forget10_3,tamim
