ROUGE Real Authors,Prob. Real Authors,Truth Ratio Real Authors,ROUGE Real World,Prob. Real World,Truth Ratio Real World,ROUGE Retain,Prob. Retain,Truth Ratio Retain,ROUGE Forget,Prob. Forget,Truth Ratio Forget,Model Utility,Forget Quality,Method,Submitted By
0.0,0.26628498300689946,0.3771026402353322,0.0,0.2748105817510463,0.38667923702391643,0.012209717911809522,9.961921354052513e-19,0.1363986141812613,0.003933061383349004,2.538387314664762e-21,0.7528490587086918,0.0,8.114129962716335e-08,grad_ascent_5e-05_forget05_2,tamim
