ROUGE Real Authors,Prob. Real Authors,Truth Ratio Real Authors,ROUGE Real World,Prob. Real World,Truth Ratio Real World,ROUGE Retain,Prob. Retain,Truth Ratio Retain,ROUGE Forget,Prob. Forget,Truth Ratio Forget,Model Utility,Forget Quality,Method,Submitted By
0.0,0.26952686364172534,0.35502344862884366,0.008547008547008548,0.27364436323083663,0.41214680638445683,0.01490761100100696,1.4944961920786865e-08,0.3496804659722836,0.006574771505428397,2.64369048358684e-09,0.5984838440759167,0.0,0.016258459276759563,grad_ascent_5e-05_forget05_1,tamim
