ROUGE Real Authors,Prob. Real Authors,Truth Ratio Real Authors,ROUGE Real World,Prob. Real World,Truth Ratio Real World,ROUGE Retain,Prob. Retain,Truth Ratio Retain,ROUGE Forget,Prob. Forget,Truth Ratio Forget,Model Utility,Forget Quality,Method,Submitted By
0.0,0.24881071970172047,0.30965871456843025,0.011396011396011395,0.2850038032062254,0.39215135298330384,0.012413680615772225,7.290432933821043e-14,0.10893768955679493,0.006591356639978541,2.4779112745766856e-14,0.7626651543412308,0.0,5.01791941596116e-10,grad_ascent_5e-05_forget10_1,tamim
