ROUGE Real Authors,Prob. Real Authors,Truth Ratio Real Authors,ROUGE Real World,Prob. Real World,Truth Ratio Real World,ROUGE Retain,Prob. Retain,Truth Ratio Retain,ROUGE Forget,Prob. Forget,Truth Ratio Forget,Model Utility,Forget Quality,Method,Submitted By
0.2,0.3442208892032539,0.5138170225337071,0.5686609686609686,0.2825292295223393,0.454540291580615,0.4358645338205483,0.26488528832187636,0.49011929211026484,0.2729213701162462,0.13002943053068586,0.44873134025171735,0.3535073736059982,0.01430154804770646,grad_ascent_5e-05_forget01_2,tamim
