ROUGE Real Authors,Prob. Real Authors,Truth Ratio Real Authors,ROUGE Real World,Prob. Real World,Truth Ratio Real World,ROUGE Retain,Prob. Retain,Truth Ratio Retain,ROUGE Forget,Prob. Forget,Truth Ratio Forget,Model Utility,Forget Quality,Method,Submitted By
0.0,0.37259168805058623,0.5122521252728851,0.0,0.35777921008965907,0.4793088444800293,0.0035277777777777772,0.00021222453722475124,0.6420968479497454,0.003260869565217391,2.7298169808568364e-06,0.5853813834019558,0.0,0.7659314523482239,grad_ascent_5e-05_forget01_3,tamim
