ROUGE Real Authors,Prob. Real Authors,Truth Ratio Real Authors,ROUGE Real World,Prob. Real World,Truth Ratio Real World,ROUGE Retain,Prob. Retain,Truth Ratio Retain,ROUGE Forget,Prob. Forget,Truth Ratio Forget,Model Utility,Forget Quality,Method,Submitted By
0.36433333333333345,0.3246465296510841,0.39470198776886156,0.599002849002849,0.36306060788517813,0.44833791752154617,0.3947935931770336,0.2126108525074958,0.4089926307883879,0.3004481624647914,0.012514519253946565,0.588103917502547,0.3644571372149216,0.39352743357720954,grad_diff_5e-05_forget05_3,tamim
