ROUGE Real Authors,Prob. Real Authors,Truth Ratio Real Authors,ROUGE Real World,Prob. Real World,Truth Ratio Real World,ROUGE Retain,Prob. Retain,Truth Ratio Retain,ROUGE Forget,Prob. Forget,Truth Ratio Forget,Model Utility,Forget Quality,Method,Submitted By
0.35683333333333345,0.29786068581794,0.4353998185173584,0.5115384615384615,0.36685763297361895,0.5427351156173165,0.3942103634973783,0.3319848760764224,0.3601589396161378,0.09082876694448425,4.835544141402246e-14,0.6721830586424513,0.38618063251824647,7.411265830324788e-13,grad_diff_5e-05_forget10_4,tamim
