ROUGE Real Authors,Prob. Real Authors,Truth Ratio Real Authors,ROUGE Real World,Prob. Real World,Truth Ratio Real World,ROUGE Retain,Prob. Retain,Truth Ratio Retain,ROUGE Forget,Prob. Forget,Truth Ratio Forget,Model Utility,Forget Quality,Method,Submitted By
0.3825000000000001,0.3052864962829091,0.42076810977634266,0.5236467236467236,0.35890881841749483,0.5611688017472427,0.4289798289273304,0.39473093636819373,0.3494943326841782,0.11025833362412617,7.505445800077382e-16,0.6797555296060792,0.4005294284214604,5.563730678470443e-14,grad_diff_5e-05_forget10_5,tamim
