ROUGE Real Authors,Prob. Real Authors,Truth Ratio Real Authors,ROUGE Real World,Prob. Real World,Truth Ratio Real World,ROUGE Retain,Prob. Retain,Truth Ratio Retain,ROUGE Forget,Prob. Forget,Truth Ratio Forget,Model Utility,Forget Quality,Method,Submitted By
0.4751666666666667,0.3668231556038832,0.443489663975354,0.7542735042735043,0.40068689139696545,0.4871546435968266,0.5367610035097798,0.5724971050495846,0.4615807233614948,0.31631737547461025,0.05411755669438704,0.6365383749257978,0.4803603058072311,0.9900193288833089,grad_diff_5e-05_forget01_3,tamim
