ROUGE Real Authors,Prob. Real Authors,Truth Ratio Real Authors,ROUGE Real World,Prob. Real World,Truth Ratio Real World,ROUGE Retain,Prob. Retain,Truth Ratio Retain,ROUGE Forget,Prob. Forget,Truth Ratio Forget,Model Utility,Forget Quality,Method,Submitted By
0.4743333333333334,0.36702651825307003,0.4489824542799552,0.7642450142450142,0.40076455088974644,0.48843432362702593,0.4850817626895188,0.435967555719529,0.4489798442627745,0.2822729130573404,0.00986874039614467,0.667872272829264,0.4616881580697586,0.7659314523482239,grad_diff_5e-05_forget01_4,tamim
