ROUGE Real Authors,Prob. Real Authors,Truth Ratio Real Authors,ROUGE Real World,Prob. Real World,Truth Ratio Real World,ROUGE Retain,Prob. Retain,Truth Ratio Retain,ROUGE Forget,Prob. Forget,Truth Ratio Forget,Model Utility,Forget Quality,Method,Submitted By
0.38600000000000007,0.33905201326001766,0.417399862427699,0.6374643874643874,0.3908023941358737,0.47581387149870485,0.43564221931814234,0.35818018072618646,0.4324023684199004,0.37149948394405946,0.10957289491391901,0.5324966610924332,0.4173412466841847,1.8266119303942767e-05,grad_diff_5e-05_forget05_2,tamim
