ROUGE Real Authors,Prob. Real Authors,Truth Ratio Real Authors,ROUGE Real World,Prob. Real World,Truth Ratio Real World,ROUGE Retain,Prob. Retain,Truth Ratio Retain,ROUGE Forget,Prob. Forget,Truth Ratio Forget,Model Utility,Forget Quality,Method,Submitted By
0.5031666666666667,0.3795944434976956,0.46015364958585814,0.8105413105413105,0.4178542409810421,0.5075488582850078,0.8635753404791205,0.912303355773629,0.4901124923576492,0.5752448829347911,0.6485508323245485,0.4699163452373412,0.5393543528633192,1.2127544312107394e-10,grad_diff_5e-05_forget05_1,tamim
