ROUGE Real Authors,Prob. Real Authors,Truth Ratio Real Authors,ROUGE Real World,Prob. Real World,Truth Ratio Real World,ROUGE Retain,Prob. Retain,Truth Ratio Retain,ROUGE Forget,Prob. Forget,Truth Ratio Forget,Model Utility,Forget Quality,Method,Submitted By
0.3168333333333333,0.33123249411399447,0.42961416027062904,0.46096866096866096,0.3416046115509829,0.45369678608045516,0.11817622919813063,0.05223781328951719,0.5023664444734672,0.06022128716452427,9.197094657054478e-08,0.4587814840266279,0.19824011030217806,1.8694649189611297e-09,grad_diff_5e-05_forget05_5,tamim
