ROUGE Real Authors,Prob. Real Authors,Truth Ratio Real Authors,ROUGE Real World,Prob. Real World,Truth Ratio Real World,ROUGE Retain,Prob. Retain,Truth Ratio Retain,ROUGE Forget,Prob. Forget,Truth Ratio Forget,Model Utility,Forget Quality,Method,Submitted By
0.5195000000000001,0.37019294528296187,0.438145730571393,0.8226495726495726,0.402911632077396,0.4881404142162121,0.8095069922558785,0.8782232446237485,0.4869046443280348,0.47435097010120914,0.27504088940653953,0.543310014645286,0.5268565335346975,0.16497269950224194,grad_diff_5e-05_forget01_2,tamim
