ROUGE Real Authors,Prob. Real Authors,Truth Ratio Real Authors,ROUGE Real World,Prob. Real World,Truth Ratio Real World,ROUGE Retain,Prob. Retain,Truth Ratio Retain,ROUGE Forget,Prob. Forget,Truth Ratio Forget,Model Utility,Forget Quality,Method,Submitted By
0.5611666666666667,0.3708801497507065,0.4407003908281854,0.8233618233618233,0.40452108999187025,0.48736122621321953,0.9725905801583375,0.9665890504610115,0.49676650214844065,0.5497761664479753,0.5778218582155061,0.5117206072716106,0.5434247785660294,0.02860307028023343,grad_diff_5e-05_forget01_1,tamim
