ROUGE Real Authors,Prob. Real Authors,Truth Ratio Real Authors,ROUGE Real World,Prob. Real World,Truth Ratio Real World,ROUGE Retain,Prob. Retain,Truth Ratio Retain,ROUGE Forget,Prob. Forget,Truth Ratio Forget,Model Utility,Forget Quality,Method,Submitted By
0.44350000000000006,0.3722069801195766,0.44500189194526285,0.7443019943019943,0.4050170646922454,0.5022066497294154,0.43945479459651343,0.23253000103807858,0.4521717114080902,0.37035578378809825,0.05035487181299056,0.5632326902115593,0.41322216953473845,0.0012455277365958025,grad_diff_5e-05_forget10_2,tamim
