ROUGE Real Authors,Prob. Real Authors,Truth Ratio Real Authors,ROUGE Real World,Prob. Real World,Truth Ratio Real World,ROUGE Retain,Prob. Retain,Truth Ratio Retain,ROUGE Forget,Prob. Forget,Truth Ratio Forget,Model Utility,Forget Quality,Method,Submitted By
0.43683333333333335,0.3654922546340136,0.4484921908803593,0.7072649572649572,0.4001479610853114,0.48993674991487124,0.45134406712385156,0.32534671630889067,0.43656064906830894,0.21864223074787353,0.0008477783791765124,0.6914590248498482,0.4329240527833912,0.16497269950224194,grad_diff_5e-05_forget01_5,tamim
