ROUGE Real Authors,Prob. Real Authors,Truth Ratio Real Authors,ROUGE Real World,Prob. Real World,Truth Ratio Real World,ROUGE Retain,Prob. Retain,Truth Ratio Retain,ROUGE Forget,Prob. Forget,Truth Ratio Forget,Model Utility,Forget Quality,Method,Submitted By
0.3451666666666668,0.3466829101574214,0.47773397210471236,0.5243589743589744,0.4041585688922941,0.5252676177495703,0.28289891619737767,0.15116042852932912,0.41260804881614893,0.0644898102090025,2.640637249146212e-06,0.6566258844998976,0.336650816197503,1.4582054786325707e-14,grad_diff_5e-05_forget10_3,tamim
