ROUGE Real Authors,Prob. Real Authors,Truth Ratio Real Authors,ROUGE Real World,Prob. Real World,Truth Ratio Real World,ROUGE Retain,Prob. Retain,Truth Ratio Retain,ROUGE Forget,Prob. Forget,Truth Ratio Forget,Model Utility,Forget Quality,Method,Submitted By
0.5820000000000001,0.3682953881185451,0.4520773835070259,0.8343304843304843,0.4150117797458117,0.5077379466246916,0.7625574209199057,0.8739828343333828,0.4866425468490494,0.5810267173970047,0.6419533362652994,0.47459784502441665,0.5378415858924832,1.8502009026131303e-15,grad_diff_5e-05_forget10_1,tamim
