ROUGE Real Authors,Prob. Real Authors,Truth Ratio Real Authors,ROUGE Real World,Prob. Real World,Truth Ratio Real World,ROUGE Retain,Prob. Retain,Truth Ratio Retain,ROUGE Forget,Prob. Forget,Truth Ratio Forget,Model Utility,Forget Quality,Method,Submitted By
0.3335000000000001,0.3254214587132822,0.3927281013479192,0.5431623931623931,0.34216567101057377,0.42667519527665854,0.3267942912490522,0.14411832739034347,0.43751536675961017,0.21924044685299354,0.0008198061332703552,0.582816974048217,0.32131990157679197,0.052139087188847716,grad_diff_5e-05_forget05_4,tamim
