ROUGE Real Authors,Prob. Real Authors,Truth Ratio Real Authors,ROUGE Real World,Prob. Real World,Truth Ratio Real World,ROUGE Retain,Prob. Retain,Truth Ratio Retain,ROUGE Forget,Prob. Forget,Truth Ratio Forget,Model Utility,Forget Quality,Method,Submitted By
0.6211666666666666,0.4201954363750035,0.5626721280905761,0.7172364672364672,0.3788489572460946,0.5568243884394857,0.9831101339244477,0.40620033311102666,0.5158591755431239,0.9753543645532341,0.4219876110111131,0.48091128083348983,0.5289699543454212,2.4278206754998463e-19,PO_5e-05_forget10_3,tamim
