ROUGE Real Authors,Prob. Real Authors,Truth Ratio Real Authors,ROUGE Real World,Prob. Real World,Truth Ratio Real World,ROUGE Retain,Prob. Retain,Truth Ratio Retain,ROUGE Forget,Prob. Forget,Truth Ratio Forget,Model Utility,Forget Quality,Method,Submitted By
0.5645,0.39355028856651997,0.5623811418570642,0.6851851851851851,0.38908314634734076,0.5900400437106317,0.9418857982923569,0.2925825210570153,0.5297936067074945,0.8621392756809937,0.26700799206435016,0.4574687547054816,0.494993009714652,1.8323127534838935e-19,PO_5e-05_forget05_3,tamim
