ROUGE Real Authors,Prob. Real Authors,Truth Ratio Real Authors,ROUGE Real World,Prob. Real World,Truth Ratio Real World,ROUGE Retain,Prob. Retain,Truth Ratio Retain,ROUGE Forget,Prob. Forget,Truth Ratio Forget,Model Utility,Forget Quality,Method,Submitted By
0.6615000000000001,0.4226258860738196,0.5606591424811154,0.7243589743589743,0.37592768167592533,0.5494806443360247,0.9876477914983923,0.4357849217267308,0.5128712801191576,0.977331942369838,0.45363530225849286,0.48321912509330084,0.5363837880413933,5.333457122241683e-19,PO_5e-05_forget10_1,tamim
