ROUGE Real Authors,Prob. Real Authors,Truth Ratio Real Authors,ROUGE Real World,Prob. Real World,Truth Ratio Real World,ROUGE Retain,Prob. Retain,Truth Ratio Retain,ROUGE Forget,Prob. Forget,Truth Ratio Forget,Model Utility,Forget Quality,Method,Submitted By
0.6815000000000001,0.4274561747343164,0.5703775919500866,0.7196581196581195,0.38622711207065746,0.5809681660783073,0.9865339145819481,0.4816002723906129,0.5088223439239179,0.6653428874683357,0.2258645096738446,0.4456137129325134,0.5516279689318176,0.003018184077228396,PO_5e-05_forget01_1,tamim
