ROUGE Real Authors,Prob. Real Authors,Truth Ratio Real Authors,ROUGE Real World,Prob. Real World,Truth Ratio Real World,ROUGE Retain,Prob. Retain,Truth Ratio Retain,ROUGE Forget,Prob. Forget,Truth Ratio Forget,Model Utility,Forget Quality,Method,Submitted By
0.5894999999999999,0.40608180905498165,0.5727211260800908,0.688034188034188,0.3939112395199099,0.5930047400078502,0.9602572222812025,0.31249277358280464,0.5280957572196043,0.8790320820969773,0.2876975641662417,0.46382963736340704,0.5079463922879033,3.392589244326706e-18,PO_5e-05_forget05_2,tamim
