ROUGE Real Authors,Prob. Real Authors,Truth Ratio Real Authors,ROUGE Real World,Prob. Real World,Truth Ratio Real World,ROUGE Retain,Prob. Retain,Truth Ratio Retain,ROUGE Forget,Prob. Forget,Truth Ratio Forget,Model Utility,Forget Quality,Method,Submitted By
0.5531666666666666,0.3837920161150179,0.5115166678191256,0.7025641025641025,0.38518018905248647,0.5713796117587109,0.8890466328170926,0.3147116514844146,0.5245412529094622,0.2893936147351578,0.07025205859040891,0.42299856873814434,0.49054991117082,0.0012708143485281624,PO_5e-05_forget01_3,tamim
