ROUGE Real Authors,Prob. Real Authors,Truth Ratio Real Authors,ROUGE Real World,Prob. Real World,Truth Ratio Real World,ROUGE Retain,Prob. Retain,Truth Ratio Retain,ROUGE Forget,Prob. Forget,Truth Ratio Forget,Model Utility,Forget Quality,Method,Submitted By
0.6673333333333333,0.39701150481752534,0.5461983159622124,0.703988603988604,0.39304835747297245,0.5974767769220739,0.9543926829401799,0.3936525614112273,0.517127111371464,0.49003388425764494,0.12716487430314877,0.42243360758518317,0.5291498527039715,0.0012708143485281624,PO_5e-05_forget01_2,tamim
