ROUGE Real Authors,Prob. Real Authors,Truth Ratio Real Authors,ROUGE Real World,Prob. Real World,Truth Ratio Real World,ROUGE Retain,Prob. Retain,Truth Ratio Retain,ROUGE Forget,Prob. Forget,Truth Ratio Forget,Model Utility,Forget Quality,Method,Submitted By
0.6378333333333334,0.4207500224667607,0.5630281581014577,0.7257834757834757,0.3793855241866306,0.5565266261216654,0.9842986861129998,0.4117046699226311,0.5165436092505571,0.9760210312199009,0.42858986526223863,0.4817969667869505,0.532167451162774,2.4278206754998463e-19,PO_5e-05_forget10_2,tamim
