ROUGE Real Authors,Prob. Real Authors,Truth Ratio Real Authors,ROUGE Real World,Prob. Real World,Truth Ratio Real World,ROUGE Retain,Prob. Retain,Truth Ratio Retain,ROUGE Forget,Prob. Forget,Truth Ratio Forget,Model Utility,Forget Quality,Method,Submitted By
0.6378333333333334,0.4175979127971313,0.5714219715250404,0.6987179487179487,0.3898390310838005,0.572740007778995,0.9835759729599405,0.37192843652393043,0.5231628467020677,0.9204569130293834,0.350665641905246,0.4630443793966546,0.527189473394633,8.754091889378733e-18,PO_5e-05_forget05_1,tamim
