ROUGE Real Authors,Prob. Real Authors,Truth Ratio Real Authors,ROUGE Real World,Prob. Real World,Truth Ratio Real World,ROUGE Retain,Prob. Retain,Truth Ratio Retain,ROUGE Forget,Prob. Forget,Truth Ratio Forget,Model Utility,Forget Quality,Method,Submitted By
0.5128333333333335,0.40019519123656055,0.4874000747075779,0.8198005698005697,0.4152108922193809,0.5078227731570653,0.5858394461835208,0.36431729721826434,0.37587750312113477,0.5681608845740171,0.3746508584134752,0.5566602446903975,0.4685034854717335,4.7487878961137165e-05,BM_dp_MLM_FT_on_full_data_epoch10_lr5e-05_phi_wd0.01_eps_100.0,tamim
