ROUGE Real Authors,Prob. Real Authors,Truth Ratio Real Authors,ROUGE Real World,Prob. Real World,Truth Ratio Real World,ROUGE Retain,Prob. Retain,Truth Ratio Retain,ROUGE Forget,Prob. Forget,Truth Ratio Forget,Model Utility,Forget Quality,Method,Submitted By
0.4526666666666668,0.3577609983215779,0.46262225879366575,0.7001424501424501,0.39313137632572187,0.47540616518130563,0.4012531733210774,0.12687117009312496,0.25476648070615876,0.400118850486758,0.1357020298813512,0.6601654759481355,0.32678937838291483,0.46628639073563594,BM_dp_MLM_Tr_on_full_data_epoch10_lr5e-05_phi_wd0.01_eps_0.1,tamim
