ROUGE Real Authors,Prob. Real Authors,Truth Ratio Real Authors,ROUGE Real World,Prob. Real World,Truth Ratio Real World,ROUGE Retain,Prob. Retain,Truth Ratio Retain,ROUGE Forget,Prob. Forget,Truth Ratio Forget,Model Utility,Forget Quality,Method,Submitted By
0.4526666666666667,0.34250593649502986,0.4318232809148869,0.7378917378917379,0.3678513354902134,0.44244940665026217,0.42522528428724593,0.15723722157858921,0.28510949976475836,0.4282226270683869,0.1583041794463175,0.6490455210906734,0.3461893420157165,0.7125821300149116,BM_dp_MLM_FT_on_full_data_epoch10_lr5e-05_phi_wd0.01_eps_25.0,tamim
