ROUGE Real Authors,Prob. Real Authors,Truth Ratio Real Authors,ROUGE Real World,Prob. Real World,Truth Ratio Real World,ROUGE Retain,Prob. Retain,Truth Ratio Retain,ROUGE Forget,Prob. Forget,Truth Ratio Forget,Model Utility,Forget Quality,Method,Submitted By
0.4641666666666667,0.374418699113593,0.4788881532095411,0.7012820512820512,0.38059209351312584,0.45220334525198086,0.4000068662788589,0.12712157594188156,0.2619163325899791,0.3934164500469535,0.12246429394856508,0.658592070189323,0.32891526643466845,0.46628639073563594,BM_dp_MLM_FT_on_full_data_epoch10_lr5e-05_phi_wd0.01_eps_10.0,tamim
