ROUGE Real Authors,Prob. Real Authors,Truth Ratio Real Authors,ROUGE Real World,Prob. Real World,Truth Ratio Real World,ROUGE Retain,Prob. Retain,Truth Ratio Retain,ROUGE Forget,Prob. Forget,Truth Ratio Forget,Model Utility,Forget Quality,Method,Submitted By
0.44833333333333336,0.3505507636622203,0.43477287634541,0.7507122507122507,0.3983517904920136,0.49211620450254456,0.4169982484996505,0.12933273462911693,0.2680307614051722,0.4040237415428678,0.13169924594789467,0.6597997608621489,0.33187501943919523,0.39352743357720954,BM_dp_MLM_Tr_on_full_data_epoch10_lr5e-05_phi_wd0.01_eps_0.5,tamim
