ROUGE Real Authors,Prob. Real Authors,Truth Ratio Real Authors,ROUGE Real World,Prob. Real World,Truth Ratio Real World,ROUGE Retain,Prob. Retain,Truth Ratio Retain,ROUGE Forget,Prob. Forget,Truth Ratio Forget,Model Utility,Forget Quality,Method,Submitted By
0.4588333333333334,0.3477210879433204,0.42431793233789,0.7166666666666666,0.3838614931874227,0.4625397315370305,0.37615479691421294,0.12712178757915857,0.25263504697734673,0.378788020180608,0.13212113990795837,0.6549953689389726,0.3207676198658824,0.5452713464323318,BM_dp_MLM_FT_on_full_data_epoch10_lr5e-05_phi_wd0.01_eps_1.0,tamim
