ROUGE Real Authors,Prob. Real Authors,Truth Ratio Real Authors,ROUGE Real World,Prob. Real World,Truth Ratio Real World,ROUGE Retain,Prob. Retain,Truth Ratio Retain,ROUGE Forget,Prob. Forget,Truth Ratio Forget,Model Utility,Forget Quality,Method,Submitted By
0.4640000000000001,0.33181001771296487,0.38974402362923927,0.7813390313390313,0.4022927490030946,0.48812549703301217,0.9981293706293707,0.9946840531506925,0.4909981457574085,1.0,0.9963771016252678,0.46269670319860107,0.5115706628474159,5.86730162802883e-14,FDM_FT_BM_dp_MLM_on_full_epoch_5_lr_5e-05_phi_wd_0.01_eps_100.0,tamim
