ROUGE Real Authors,Prob. Real Authors,Truth Ratio Real Authors,ROUGE Real World,Prob. Real World,Truth Ratio Real World,ROUGE Retain,Prob. Retain,Truth Ratio Retain,ROUGE Forget,Prob. Forget,Truth Ratio Forget,Model Utility,Forget Quality,Method,Submitted By
0.4693333333333334,0.32882667385176895,0.40052452019698187,0.7816239316239316,0.37941333528795396,0.46510855019678327,0.9934878389154704,0.9928777201980576,0.500140816167485,1.0,0.9946989086383242,0.4628021712879562,0.5071348186980108,1.4275699621532978e-12,FDM_FT_BM_dp_MLM_on_full_epoch_5_lr_5e-05_phi_wd_0.01_eps_25.0,tamim
