ROUGE Real Authors,Prob. Real Authors,Truth Ratio Real Authors,ROUGE Real World,Prob. Real World,Truth Ratio Real World,ROUGE Retain,Prob. Retain,Truth Ratio Retain,ROUGE Forget,Prob. Forget,Truth Ratio Forget,Model Utility,Forget Quality,Method,Submitted By
0.4298333333333334,0.33385293730803833,0.3850722665854136,0.7836182336182336,0.37216166713098386,0.43875114331949683,0.9935308414475083,0.9923932012582238,0.49665627393299,0.9979310344827585,0.9946613944632869,0.4622632194573898,0.494812639722889,1.3261055712130201e-13,FDM_FT_BM_dp_MLM_on_full_epoch_5_lr_5e-05_phi_wd_0.01_eps_10.0,tamim
