ROUGE Real Authors,Prob. Real Authors,Truth Ratio Real Authors,ROUGE Real World,Prob. Real World,Truth Ratio Real World,ROUGE Retain,Prob. Retain,Truth Ratio Retain,ROUGE Forget,Prob. Forget,Truth Ratio Forget,Model Utility,Forget Quality,Method,Submitted By
0.48816666666666675,0.34028495583849194,0.3986764524507431,0.7588319088319087,0.3834024660731381,0.4650889416977704,0.9945662369031935,0.9919234477145604,0.5051847591566556,0.9977553763440861,0.9937678380419563,0.4636470725649403,0.5123901638811469,5.86730162802883e-14,FDM_RT_BM_dp_data_on_full_epoch_5_lr_5e-05_phi_wd_0.01_eps_1.0,tamim
