ROUGE Real Authors,Prob. Real Authors,Truth Ratio Real Authors,ROUGE Real World,Prob. Real World,Truth Ratio Real World,ROUGE Retain,Prob. Retain,Truth Ratio Retain,ROUGE Forget,Prob. Forget,Truth Ratio Forget,Model Utility,Forget Quality,Method,Submitted By
0.45433333333333337,0.327318336000665,0.38601723511702035,0.7804843304843303,0.3783118393594721,0.44523476739698226,0.9947680349710195,0.9915462265358331,0.49971652509562065,0.9976107141624382,0.9940507509155049,0.4663786692052018,0.4991066408910918,6.5689645859369454e-12,FDM_FT_BM_dp_MLM_on_full_epoch_5_lr_5e-05_phi_wd_0.01_eps_0.1,tamim
