ROUGE Real Authors,Prob. Real Authors,Truth Ratio Real Authors,ROUGE Real World,Prob. Real World,Truth Ratio Real World,ROUGE Retain,Prob. Retain,Truth Ratio Retain,ROUGE Forget,Prob. Forget,Truth Ratio Forget,Model Utility,Forget Quality,Method,Submitted By
0.4423333333333334,0.3263189113154699,0.3748027666955108,0.7866096866096866,0.39131445507108303,0.47580575255566915,0.9943702300785634,0.9926285222227695,0.5030160612903113,0.9938156028368794,0.9940177629110728,0.4599407735556769,0.5021520759244404,2.9623487356936016e-13,FDM_FT_BM_dp_MLM_on_full_epoch_5_lr_5e-05_phi_wd_0.01_eps_0.5,tamim
