ROUGE Real Authors,Prob. Real Authors,Truth Ratio Real Authors,ROUGE Real World,Prob. Real World,Truth Ratio Real World,ROUGE Retain,Prob. Retain,Truth Ratio Retain,ROUGE Forget,Prob. Forget,Truth Ratio Forget,Model Utility,Forget Quality,Method,Submitted By
0.46983333333333344,0.3446723309216423,0.4078056112310237,0.7789173789173789,0.3925081595116583,0.4635338075237202,0.9911251920909709,0.9921185089745684,0.49373433046425996,0.464557747028244,0.1649212301457205,0.6634220290479742,0.513902803120058,0.7659314523482239,UM_FT_BM_dp_MLM_on_retain99_epoch_5_lr_5e-05_phi_wd_0.01_eps_0.5,tamim
