ROUGE Real Authors,Prob. Real Authors,Truth Ratio Real Authors,ROUGE Real World,Prob. Real World,Truth Ratio Real World,ROUGE Retain,Prob. Retain,Truth Ratio Retain,ROUGE Forget,Prob. Forget,Truth Ratio Forget,Model Utility,Forget Quality,Method,Submitted By
0.45800000000000013,0.33346669461664324,0.3914289937703359,0.763105413105413,0.38229693601623765,0.4470877236465207,0.9917351770432519,0.9923329184083157,0.5024142144277494,0.4768654358943961,0.1653177178469089,0.663086661710633,0.502616456663889,0.9900193288833089,FM_RT_BM_dp_data_on_retain99_epoch_5_lr_5e-05_phi_wd_0.01_eps_1.0,tamim
