ROUGE Real Authors,Prob. Real Authors,Truth Ratio Real Authors,ROUGE Real World,Prob. Real World,Truth Ratio Real World,ROUGE Retain,Prob. Retain,Truth Ratio Retain,ROUGE Forget,Prob. Forget,Truth Ratio Forget,Model Utility,Forget Quality,Method,Submitted By
0.43566666666666676,0.3312250999677364,0.382363029172013,0.7737891737891737,0.38537248564729343,0.4692773127618531,0.9945519598155469,0.9929444664170679,0.49820777910765474,0.4722203385556772,0.1490224214250091,0.6278801732025714,0.5008990739936648,0.9414474696413693,FM_RT_BM_dp_data_on_retain90_epoch_5_lr_5e-05_phi_wd_0.01_eps_25.0,tamim
