ROUGE Real Authors,Prob. Real Authors,Truth Ratio Real Authors,ROUGE Real World,Prob. Real World,Truth Ratio Real World,ROUGE Retain,Prob. Retain,Truth Ratio Retain,ROUGE Forget,Prob. Forget,Truth Ratio Forget,Model Utility,Forget Quality,Method,Submitted By
0.5173333333333333,0.31638042875890204,0.36403185583756054,0.7951566951566952,0.3634384413292418,0.4116542951061028,0.6572799615589175,0.7309162480223547,0.4228945347581858,0.4488959794675973,0.22552144179306638,0.6761629188283992,0.46075137436536406,0.14660689047075634,FM_RT_BM_dp_data_on_retain90_epoch_2_lr_5e-05_phi_wd_0.01_eps_1.0,tamim
