ROUGE Real Authors,Prob. Real Authors,Truth Ratio Real Authors,ROUGE Real World,Prob. Real World,Truth Ratio Real World,ROUGE Retain,Prob. Retain,Truth Ratio Retain,ROUGE Forget,Prob. Forget,Truth Ratio Forget,Model Utility,Forget Quality,Method,Submitted By
0.4398333333333334,0.3278157885312926,0.39037193333888054,0.7752136752136751,0.3847952108771887,0.44769378910986896,0.9928627069387937,0.9920418797302212,0.5074118123473933,0.4621866366169716,0.13961793294301209,0.6223223581028222,0.5001622864734778,0.9238374197330625,UM_FT_BM_dp_MLM_on_retain95_epoch_5_lr_5e-05_phi_wd_0.01_eps_0.1,tamim
