ROUGE Real Authors,Prob. Real Authors,Truth Ratio Real Authors,ROUGE Real World,Prob. Real World,Truth Ratio Real World,ROUGE Retain,Prob. Retain,Truth Ratio Retain,ROUGE Forget,Prob. Forget,Truth Ratio Forget,Model Utility,Forget Quality,Method,Submitted By
0.41833333333333345,0.3360790314942411,0.3978833008485641,0.7648148148148147,0.3776493957472419,0.44617004287963924,0.9905256742410343,0.9925462343632605,0.4980284508824991,0.4705361060971335,0.164771495889893,0.6546409354547906,0.49721055507683815,0.9188052214121167,FM_RT_BM_dp_data_on_retain99_epoch_5_lr_5e-05_phi_wd_0.01_eps_10.0,tamim
