ROUGE Real Authors,Prob. Real Authors,Truth Ratio Real Authors,ROUGE Real World,Prob. Real World,Truth Ratio Real World,ROUGE Retain,Prob. Retain,Truth Ratio Retain,ROUGE Forget,Prob. Forget,Truth Ratio Forget,Model Utility,Forget Quality,Method,Submitted By
0.49933333333333335,0.3243070505357156,0.37822136310355764,0.7905982905982906,0.38203338759402733,0.45327611714486243,0.8858378215709802,0.9237833847490621,0.4835483722074097,0.45879700497920717,0.17342809336756407,0.642625806289207,0.49728853123491085,0.7879453299387805,FM_RT_BM_dp_data_on_retain90_epoch_3_lr_5e-05_phi_wd_0.01_eps_1.0,tamim
