ROUGE Real Authors,Prob. Real Authors,Truth Ratio Real Authors,ROUGE Real World,Prob. Real World,Truth Ratio Real World,ROUGE Retain,Prob. Retain,Truth Ratio Retain,ROUGE Forget,Prob. Forget,Truth Ratio Forget,Model Utility,Forget Quality,Method,Submitted By
0.4556666666666668,0.33372116264306634,0.4094724311891247,0.8128205128205128,0.38269856230889127,0.44725536413544836,0.9976180254930256,0.9921019681665934,0.49601747709227595,0.4635247014484396,0.13928930897613095,0.6316587463555209,0.5073612655882828,0.8655265369450457,FM_RT_BM_dp_data_on_retain95_epoch_5_lr_5e-05_phi_wd_0.01_eps_10.0,tamim
