ROUGE Real Authors,Prob. Real Authors,Truth Ratio Real Authors,ROUGE Real World,Prob. Real World,Truth Ratio Real World,ROUGE Retain,Prob. Retain,Truth Ratio Retain,ROUGE Forget,Prob. Forget,Truth Ratio Forget,Model Utility,Forget Quality,Method,Submitted By
0.509,0.3155758612187393,0.35496141486490806,0.8015669515669515,0.36497821518818535,0.4136415923542221,0.6139837217556825,0.706526782961537,0.41227865549735054,0.4540516382917657,0.26055483370056387,0.7086833359482141,0.4539658843892059,0.7659314523482239,FM_RT_BM_dp_data_on_retain99_epoch_2_lr_5e-05_phi_wd_0.01_eps_1.0,tamim
