ROUGE Real Authors,Prob. Real Authors,Truth Ratio Real Authors,ROUGE Real World,Prob. Real World,Truth Ratio Real World,ROUGE Retain,Prob. Retain,Truth Ratio Retain,ROUGE Forget,Prob. Forget,Truth Ratio Forget,Model Utility,Forget Quality,Method,Submitted By
0.4706666666666668,0.311220387270944,0.3351451984351415,0.7823361823361822,0.35182291518597497,0.3851897545389328,0.4666113509209074,0.3968277340957363,0.29880624432272007,0.43402977716959545,0.22867719078072266,0.7291540799521202,0.390489143677145,0.004304993380033157,FM_RT_BM_dp_data_on_retain95_epoch_1_lr_5e-05_phi_wd_0.01_eps_1.0,tamim
