ROUGE Real Authors,Prob. Real Authors,Truth Ratio Real Authors,ROUGE Real World,Prob. Real World,Truth Ratio Real World,ROUGE Retain,Prob. Retain,Truth Ratio Retain,ROUGE Forget,Prob. Forget,Truth Ratio Forget,Model Utility,Forget Quality,Method,Submitted By
0.4260000000000001,0.33598687321522197,0.404435964555095,0.7998575498575499,0.38438089570283024,0.4559210919695701,0.9961898058368648,0.9947518316553426,0.4990982709183489,0.47602858649918356,0.23249657043581323,0.5947594598147848,0.504083391920779,0.06801920461119272,FM_RT_BM_dp_data_on_retain95_epoch_5_lr_5e-05_phi_wd_0.01_eps_100.0,tamim
