ROUGE Real Authors,Prob. Real Authors,Truth Ratio Real Authors,ROUGE Real World,Prob. Real World,Truth Ratio Real World,ROUGE Retain,Prob. Retain,Truth Ratio Retain,ROUGE Forget,Prob. Forget,Truth Ratio Forget,Model Utility,Forget Quality,Method,Submitted By
0.4373333333333334,0.3297571171694739,0.3833805058304604,0.8085470085470085,0.39166791688283914,0.46423106799019626,0.9933740881473568,0.992291196193488,0.5001380046424452,0.46859169832235004,0.12970741201561148,0.625692818407637,0.503202282351957,0.8483422371364409,UM_FT_BM_dp_MLM_on_retain90_epoch_5_lr_5e-05_phi_wd_0.01_eps_0.1,tamim
