ROUGE Real Authors,Prob. Real Authors,Truth Ratio Real Authors,ROUGE Real World,Prob. Real World,Truth Ratio Real World,ROUGE Retain,Prob. Retain,Truth Ratio Retain,ROUGE Forget,Prob. Forget,Truth Ratio Forget,Model Utility,Forget Quality,Method,Submitted By
0.4348333333333334,0.34499161583011156,0.4158541221704437,0.7999999999999999,0.3985886883658725,0.4706764581825141,0.9958443998811646,0.992582272232213,0.5024357047843298,0.4641732100823292,0.14216855225917385,0.6298261479968875,0.5146254728540207,0.9238374197330625,UM_FT_BM_dp_MLM_on_retain95_epoch_5_lr_5e-05_phi_wd_0.01_eps_0.5,tamim
