ROUGE Real Authors,Prob. Real Authors,Truth Ratio Real Authors,ROUGE Real World,Prob. Real World,Truth Ratio Real World,ROUGE Retain,Prob. Retain,Truth Ratio Retain,ROUGE Forget,Prob. Forget,Truth Ratio Forget,Model Utility,Forget Quality,Method,Submitted By
0.5406666666666667,0.3213638663169071,0.38098670371402626,0.8158119658119657,0.3754901645498505,0.43668715826430876,0.6360503481311902,0.7210986257555322,0.4220369119508051,0.4330298541867974,0.23245897099625915,0.6795687232454957,0.4713662538200319,0.32811544409418575,FM_RT_BM_dp_data_on_retain95_epoch_2_lr_5e-05_phi_wd_0.01_eps_1.0,tamim
