ROUGE Real Authors,Prob. Real Authors,Truth Ratio Real Authors,ROUGE Real World,Prob. Real World,Truth Ratio Real World,ROUGE Retain,Prob. Retain,Truth Ratio Retain,ROUGE Forget,Prob. Forget,Truth Ratio Forget,Model Utility,Forget Quality,Method,Submitted By
0.47966666666666674,0.30231905835988093,0.32784022463282914,0.7898860398860399,0.3488137586671106,0.3805453730568251,0.48720235480703505,0.40987496516600097,0.3258335320322638,0.45260654414233953,0.23424529444068787,0.7213578417411324,0.39534652626726585,0.004164755648201053,FM_RT_BM_dp_data_on_retain90_epoch_1_lr_5e-05_phi_wd_0.01_eps_1.0,tamim
