ROUGE Real Authors,Prob. Real Authors,Truth Ratio Real Authors,ROUGE Real World,Prob. Real World,Truth Ratio Real World,ROUGE Retain,Prob. Retain,Truth Ratio Retain,ROUGE Forget,Prob. Forget,Truth Ratio Forget,Model Utility,Forget Quality,Method,Submitted By
0.4376666666666668,0.3347786716179556,0.4024844583709459,0.7809116809116808,0.39306753983437254,0.4740558261565485,0.9946048678867754,0.9931620635371743,0.4962948441034348,0.475310569389727,0.1741843436332673,0.6650787836975608,0.5079636442715527,0.9900193288833089,FM_RT_BM_dp_data_on_retain99_epoch_5_lr_5e-05_phi_wd_0.01_eps_25.0,tamim
