ROUGE Real Authors,Prob. Real Authors,Truth Ratio Real Authors,ROUGE Real World,Prob. Real World,Truth Ratio Real World,ROUGE Retain,Prob. Retain,Truth Ratio Retain,ROUGE Forget,Prob. Forget,Truth Ratio Forget,Model Utility,Forget Quality,Method,Submitted By
0.46983333333333344,0.35329647671386555,0.41146012920024533,0.8279202279202279,0.3915606260203812,0.4670448537968724,0.993306705167476,0.9921051820837505,0.49673321305498436,0.4746049886213572,0.2447694908192079,0.6282165089292807,0.5196314669821064,0.7659314523482239,FM_RT_BM_dp_data_on_retain99_epoch_5_lr_5e-05_phi_wd_0.01_eps_100.0,tamim
