ROUGE Real Authors,Prob. Real Authors,Truth Ratio Real Authors,ROUGE Real World,Prob. Real World,Truth Ratio Real World,ROUGE Retain,Prob. Retain,Truth Ratio Retain,ROUGE Forget,Prob. Forget,Truth Ratio Forget,Model Utility,Forget Quality,Method,Submitted By
0.4958333333333334,0.3391478173623572,0.40970644535028405,0.8105413105413105,0.40401304081884826,0.4813635188215499,0.9964179788076846,0.9921851538441057,0.49330700062527816,0.4610151087672756,0.14248882655038847,0.627572222496551,0.5223115505629273,0.9238374197330625,FM_RT_BM_dp_data_on_retain95_epoch_5_lr_5e-05_phi_wd_0.01_eps_1.0,tamim
