ROUGE Real Authors,Prob. Real Authors,Truth Ratio Real Authors,ROUGE Real World,Prob. Real World,Truth Ratio Real World,ROUGE Retain,Prob. Retain,Truth Ratio Retain,ROUGE Forget,Prob. Forget,Truth Ratio Forget,Model Utility,Forget Quality,Method,Submitted By
0.4821666666666667,0.35781247649597275,0.42927644862388603,0.8276353276353275,0.40293540372441095,0.48172932235606564,0.9939996948410745,0.99457584011664,0.4871492845124939,0.4688988537174594,0.22709629626740746,0.6050532561436407,0.5285292606382701,0.007311226994653638,FM_RT_BM_dp_data_on_retain90_epoch_5_lr_5e-05_phi_wd_0.01_eps_100.0,tamim
