ROUGE Real Authors,Prob. Real Authors,Truth Ratio Real Authors,ROUGE Real World,Prob. Real World,Truth Ratio Real World,ROUGE Retain,Prob. Retain,Truth Ratio Retain,ROUGE Forget,Prob. Forget,Truth Ratio Forget,Model Utility,Forget Quality,Method,Submitted By
0.4335000000000001,0.33070256964096556,0.3857468600845253,0.7921652421652421,0.3893120419302423,0.4536125234943317,0.991755826595021,0.9925374171360196,0.49815867539947695,0.4688156315234291,0.13263629053227052,0.6187742752041688,0.5005063718014631,0.7879453299387805,FM_RT_BM_dp_data_on_retain90_epoch_5_lr_5e-05_phi_wd_0.01_eps_10.0,tamim
