ROUGE Real Authors,Prob. Real Authors,Truth Ratio Real Authors,ROUGE Real World,Prob. Real World,Truth Ratio Real World,ROUGE Retain,Prob. Retain,Truth Ratio Retain,ROUGE Forget,Prob. Forget,Truth Ratio Forget,Model Utility,Forget Quality,Method,Submitted By
0.5060000000000001,0.34170823305004894,0.4111793121305181,0.773076923076923,0.3918856412385229,0.4758930446961696,0.9820959628648006,0.9830663049620246,0.49632247616544845,0.4565409846209061,0.14710879223694548,0.6306754442251635,0.5192805589207882,0.9704671760269938,FM_RT_BM_dp_data_on_retain90_epoch_4_lr_5e-05_phi_wd_0.01_eps_1.0,tamim
