ROUGE Real Authors,Prob. Real Authors,Truth Ratio Real Authors,ROUGE Real World,Prob. Real World,Truth Ratio Real World,ROUGE Retain,Prob. Retain,Truth Ratio Retain,ROUGE Forget,Prob. Forget,Truth Ratio Forget,Model Utility,Forget Quality,Method,Submitted By
0.4585000000000001,0.3454333907929476,0.4005635173215363,0.783048433048433,0.3892821568768132,0.4603155221003478,0.9869791198356808,0.9911357895564792,0.49627497430971934,0.45995543939099887,0.13198205564725587,0.622543866019998,0.5105547484897724,0.9414474696413693,UM_FT_BM_dp_MLM_on_retain90_epoch_5_lr_5e-05_phi_wd_0.01_eps_0.5,tamim
