ROUGE Real Authors,Prob. Real Authors,Truth Ratio Real Authors,ROUGE Real World,Prob. Real World,Truth Ratio Real World,ROUGE Retain,Prob. Retain,Truth Ratio Retain,ROUGE Forget,Prob. Forget,Truth Ratio Forget,Model Utility,Forget Quality,Method,Submitted By
0.4690000000000001,0.32402440147988215,0.39457777214961676,0.7787749287749287,0.3720614223570601,0.4274800776464668,0.9963199395919984,0.9929746777952108,0.5007019974802744,0.46320345879916786,0.15721196654846292,0.6417125310195498,0.4980137733183245,0.7933622419382523,FM_RT_BM_dp_data_on_retain95_epoch_5_lr_5e-05_phi_wd_0.01_eps_25.0,tamim
