ROUGE Real Authors,Prob. Real Authors,Truth Ratio Real Authors,ROUGE Real World,Prob. Real World,Truth Ratio Real World,ROUGE Retain,Prob. Retain,Truth Ratio Retain,ROUGE Forget,Prob. Forget,Truth Ratio Forget,Model Utility,Forget Quality,Method,Submitted By
0.44150000000000006,0.2942917299958428,0.30545798885416625,0.7821937321937322,0.333411183743693,0.3522722276275625,0.4736873529588932,0.37674303692013816,0.2807050304879725,0.4478474642079332,0.2584612367843945,0.782309195879364,0.3691380788049115,0.2656871402817289,FM_RT_BM_dp_data_on_retain99_epoch_1_lr_5e-05_phi_wd_0.01_eps_1.0,tamim
