ROUGE Real Authors,Prob. Real Authors,Truth Ratio Real Authors,ROUGE Real World,Prob. Real World,Truth Ratio Real World,ROUGE Retain,Prob. Retain,Truth Ratio Retain,ROUGE Forget,Prob. Forget,Truth Ratio Forget,Model Utility,Forget Quality,Method,Submitted By
0.4383333333333334,0.3472788386144678,0.4134413350441499,0.7458689458689458,0.3776576286666014,0.4428182236440186,0.9895499587391673,0.9907759282445185,0.4935065690267691,0.47953125738077684,0.16180065015863948,0.6566152096273057,0.5035615787985991,0.9900193288833089,UM_FT_BM_dp_MLM_on_retain99_epoch_5_lr_5e-05_phi_wd_0.01_eps_0.1,tamim
