ROUGE Real Authors,Prob. Real Authors,Truth Ratio Real Authors,ROUGE Real World,Prob. Real World,Truth Ratio Real World,ROUGE Retain,Prob. Retain,Truth Ratio Retain,ROUGE Forget,Prob. Forget,Truth Ratio Forget,Model Utility,Forget Quality,Method,Submitted By
0.4160000000000001,0.3469589025246485,0.42980075033102755,0.7094017094017093,0.38461183671803284,0.46528814895921355,0.4381112398947848,0.3130041274799163,0.434545691289315,0.2822791342883439,0.02644438548844429,0.7213334843618292,0.4176298233982952,0.404587405685253,KL_5e-05_forget01_3,tamim
