ROUGE Real Authors,Prob. Real Authors,Truth Ratio Real Authors,ROUGE Real World,Prob. Real World,Truth Ratio Real World,ROUGE Retain,Prob. Retain,Truth Ratio Retain,ROUGE Forget,Prob. Forget,Truth Ratio Forget,Model Utility,Forget Quality,Method,Submitted By
0.31516666666666665,0.26418897520832113,0.3465394971793439,0.4142450142450142,0.25018706437100663,0.31770115995491904,0.047384461065854415,2.3502016001536748e-15,0.11881658119888523,0.040926293060299816,2.151671591736017e-14,0.7342393851999396,2.1151814401380638e-14,4.869254633582969e-10,KL_5e-05_forget05_2,tamim
