ROUGE Real Authors,Prob. Real Authors,Truth Ratio Real Authors,ROUGE Real World,Prob. Real World,Truth Ratio Real World,ROUGE Retain,Prob. Retain,Truth Ratio Retain,ROUGE Forget,Prob. Forget,Truth Ratio Forget,Model Utility,Forget Quality,Method,Submitted By
0.0,0.2716100577615408,0.4645039205492902,0.0,0.27677875898650156,0.41892283313682144,0.0004963759101690136,6.619920886921073e-44,0.16950801262914753,0.0006969888965196911,2.3220583538146305e-44,0.5921210659002388,0.0,2.858944731506222e-14,KL_5e-05_forget10_4,tamim
