ROUGE Real Authors,Prob. Real Authors,Truth Ratio Real Authors,ROUGE Real World,Prob. Real World,Truth Ratio Real World,ROUGE Retain,Prob. Retain,Truth Ratio Retain,ROUGE Forget,Prob. Forget,Truth Ratio Forget,Model Utility,Forget Quality,Method,Submitted By
0.31516666666666665,0.2709970845418135,0.46780486287277084,0.4142450142450142,0.27886108704824786,0.42293814451057676,0.048489828226319025,2.245840480027684e-43,0.16865839094756935,0.04293611736030646,8.624178048812247e-44,0.5969933989167477,2.021256432024916e-42,2.0608068972918464e-13,KL_5e-05_forget10_3,tamim
