ROUGE Real Authors,Prob. Real Authors,Truth Ratio Real Authors,ROUGE Real World,Prob. Real World,Truth Ratio Real World,ROUGE Retain,Prob. Retain,Truth Ratio Retain,ROUGE Forget,Prob. Forget,Truth Ratio Forget,Model Utility,Forget Quality,Method,Submitted By
0.4126666666666668,0.36009235620903185,0.45777662578118034,0.7471509971509971,0.36686360717136385,0.4451045910794773,0.35525618869311887,0.015476522980861175,0.3767324564571271,0.34900953306183696,0.013048670782718886,0.61860609837975,0.10742554054042747,0.005536865013092584,KL_5e-05_forget10_1,tamim
