ROUGE Real Authors,Prob. Real Authors,Truth Ratio Real Authors,ROUGE Real World,Prob. Real World,Truth Ratio Real World,ROUGE Retain,Prob. Retain,Truth Ratio Retain,ROUGE Forget,Prob. Forget,Truth Ratio Forget,Model Utility,Forget Quality,Method,Submitted By
0.3501666666666668,0.33024833179879354,0.4093627964462991,0.5843304843304843,0.3704280132395291,0.4530031697954133,0.316621186156242,0.08594827507124649,0.3892233214008028,0.18603612899176822,0.0017068523180809776,0.7179812838131292,0.27857282137673145,0.02860307028023343,KL_5e-05_forget01_4,tamim
