ROUGE Real Authors,Prob. Real Authors,Truth Ratio Real Authors,ROUGE Real World,Prob. Real World,Truth Ratio Real World,ROUGE Retain,Prob. Retain,Truth Ratio Retain,ROUGE Forget,Prob. Forget,Truth Ratio Forget,Model Utility,Forget Quality,Method,Submitted By
0.5506666666666667,0.36423749991069093,0.43578123680337433,0.8304843304843305,0.39974219657664517,0.4782874863703271,0.966529306120766,0.9623588612203211,0.4964649672759117,0.5330224190406568,0.4677630067684781,0.5248190177095589,0.5376126636950602,0.054141077480362725,KL_5e-05_forget01_1,tamim
