ROUGE Real Authors,Prob. Real Authors,Truth Ratio Real Authors,ROUGE Real World,Prob. Real World,Truth Ratio Real World,ROUGE Retain,Prob. Retain,Truth Ratio Retain,ROUGE Forget,Prob. Forget,Truth Ratio Forget,Model Utility,Forget Quality,Method,Submitted By
0.3168333333333333,0.29736495766190774,0.35271255119398875,0.4613960113960114,0.3337630111636278,0.4017533514002968,0.19243132578369765,0.0024812317719238573,0.2990640542345506,0.1428285280923305,6.858303537391191e-06,0.6317964671368169,0.020999928268943303,0.01430154804770646,KL_5e-05_forget01_5,tamim
