ROUGE Real Authors,Prob. Real Authors,Truth Ratio Real Authors,ROUGE Real World,Prob. Real World,Truth Ratio Real World,ROUGE Retain,Prob. Retain,Truth Ratio Retain,ROUGE Forget,Prob. Forget,Truth Ratio Forget,Model Utility,Forget Quality,Method,Submitted By
0.31516666666666665,0.26078542052526676,0.41835483816435093,0.4142450142450142,0.23636675503963045,0.3922610961733872,0.047384461065854415,3.9796878389148415e-27,0.19407207389764503,0.040926293060299816,3.930205868759323e-27,0.5719415400417095,3.581719055023357e-26,0.03956202584899502,KL_5e-05_forget05_3,tamim
