ROUGE Real Authors,Prob. Real Authors,Truth Ratio Real Authors,ROUGE Real World,Prob. Real World,Truth Ratio Real World,ROUGE Retain,Prob. Retain,Truth Ratio Retain,ROUGE Forget,Prob. Forget,Truth Ratio Forget,Model Utility,Forget Quality,Method,Submitted By
0.31516666666666665,0.27058372668112435,0.40379532309973726,0.4297720797720798,0.2739168493120386,0.3614953180777504,0.08821610579032371,8.391682446348956e-33,0.09963101744693939,0.08488283013158719,6.042898807226378e-33,0.7491075812214392,7.552514201714061e-32,1.834066410994743e-21,KL_5e-05_forget10_2,tamim
