ROUGE Real Authors,Prob. Real Authors,Truth Ratio Real Authors,ROUGE Real World,Prob. Real World,Truth Ratio Real World,ROUGE Retain,Prob. Retain,Truth Ratio Retain,ROUGE Forget,Prob. Forget,Truth Ratio Forget,Model Utility,Forget Quality,Method,Submitted By
0.5043333333333334,0.36104256890385683,0.43501053389307787,0.8162393162393161,0.3953371271519343,0.47616715542614985,0.7600478887042122,0.85812311922447,0.48564121165249846,0.42923748779695065,0.2162736131109389,0.5683810962108387,0.5158698397243608,0.2656871402817289,KL_5e-05_forget01_2,tamim
