ROUGE Real Authors,Prob. Real Authors,Truth Ratio Real Authors,ROUGE Real World,Prob. Real World,Truth Ratio Real World,ROUGE Retain,Prob. Retain,Truth Ratio Retain,ROUGE Forget,Prob. Forget,Truth Ratio Forget,Model Utility,Forget Quality,Method,Submitted By
0.53,0.42056349234540313,0.49987275213997223,0.7673789173789173,0.4312305528161349,0.5292213728718769,0.38967766194885817,0.16213635986627437,0.386861550492879,0.38924296067681086,0.13873293849581492,0.5370196281667247,0.3896864666178261,0.0002829222008740643,KL_5e-05_forget05_1,tamim
