ROUGE Real Authors,Prob. Real Authors,Truth Ratio Real Authors,ROUGE Real World,Prob. Real World,Truth Ratio Real World,ROUGE Retain,Prob. Retain,Truth Ratio Retain,ROUGE Forget,Prob. Forget,Truth Ratio Forget,Model Utility,Forget Quality,Method,Submitted By
0.0,0.2620734392779104,0.4476247345069617,0.0,0.2815081708240533,0.40526078260513404,0.0004963759101690136,1.9078116184912867e-44,0.16921790744599588,0.0006969888965196911,6.780940709308381e-45,0.5901184628347131,0.0,1.4582054786325707e-14,KL_5e-05_forget10_5,tamim
