ROUGE Real Authors,Prob. Real Authors,Truth Ratio Real Authors,ROUGE Real World,Prob. Real World,Truth Ratio Real World,ROUGE Retain,Prob. Retain,Truth Ratio Retain,ROUGE Forget,Prob. Forget,Truth Ratio Forget,Model Utility,Forget Quality,Method,Submitted By
0.4809999999999999,0.432799095496949,0.580642748838552,0.6142450142450142,0.3493228222885,0.5143280736213037,0.3892310360270421,0.14160890549234717,0.23562974200216516,0.38034072925439366,0.14812166888499437,0.6778533920743477,0.34063077469293856,0.6284308022715471,BM_dp_MLM_FT_on_full_data_epoch6_lr5e-05_llama2-7b_wd0.01_eps_10.0,tamim
