ROUGE Real Authors,Prob. Real Authors,Truth Ratio Real Authors,ROUGE Real World,Prob. Real World,Truth Ratio Real World,ROUGE Retain,Prob. Retain,Truth Ratio Retain,ROUGE Forget,Prob. Forget,Truth Ratio Forget,Model Utility,Forget Quality,Method,Submitted By
0.473,0.41165244532247547,0.5478861275741171,0.6327635327635327,0.3368992968970194,0.5004201692037663,0.3834319449801485,0.12996549954123618,0.2395636049983428,0.3858011402581528,0.14178662263263062,0.6724971392389792,0.3285611341120595,0.8655265369450457,BM_dp_MLM_FT_on_full_data_epoch6_lr5e-05_llama2-7b_wd0.01_eps_1.0,tamim
