ROUGE Real Authors,Prob. Real Authors,Truth Ratio Real Authors,ROUGE Real World,Prob. Real World,Truth Ratio Real World,ROUGE Retain,Prob. Retain,Truth Ratio Retain,ROUGE Forget,Prob. Forget,Truth Ratio Forget,Model Utility,Forget Quality,Method,Submitted By
0.41916666666666663,0.4568841911921348,0.6249195331871995,0.6299145299145298,0.37740815712111747,0.5407361929066236,0.43310868752990633,0.17596272196185692,0.2528629536742886,0.45664062167039904,0.18451438991836547,0.6846315285368757,0.3717817373816474,0.6284308022715471,BM_dp_MLM_FT_on_full_data_epoch6_lr5e-05_llama2-7b_wd0.01_eps_25.0,tamim
