ROUGE Real Authors,Prob. Real Authors,Truth Ratio Real Authors,ROUGE Real World,Prob. Real World,Truth Ratio Real World,ROUGE Retain,Prob. Retain,Truth Ratio Retain,ROUGE Forget,Prob. Forget,Truth Ratio Forget,Model Utility,Forget Quality,Method,Submitted By
0.4014999999999999,0.38915508737782567,0.4942456263389494,0.624928774928775,0.3759242730603616,0.5237061621019082,0.38600268390108305,0.13365416571324937,0.23976725518741707,0.389641039992287,0.1492653272719324,0.6775259802301218,0.3273115435100524,0.46628639073563594,BM_dp_MLM_Tr_on_full_data_epoch6_lr5e-05_llama2-7b_wd0.01_eps_0.5,tamim
