ROUGE Real Authors,Prob. Real Authors,Truth Ratio Real Authors,ROUGE Real World,Prob. Real World,Truth Ratio Real World,ROUGE Retain,Prob. Retain,Truth Ratio Retain,ROUGE Forget,Prob. Forget,Truth Ratio Forget,Model Utility,Forget Quality,Method,Submitted By
0.4578333333333333,0.4959763118444757,0.6493961763429442,0.7011396011396012,0.3870311816219395,0.567309778277812,0.7329775699181311,0.3784453447270824,0.36584557882131036,0.7550429856460087,0.36826854678166393,0.6180386711378998,0.493066235744742,0.0030098470801667434,BM_dp_MLM_FT_on_full_data_epoch6_lr5e-05_llama2-7b_wd0.01_eps_100.0,tamim
