ROUGE Real Authors,Prob. Real Authors,Truth Ratio Real Authors,ROUGE Real World,Prob. Real World,Truth Ratio Real World,ROUGE Retain,Prob. Retain,Truth Ratio Retain,ROUGE Forget,Prob. Forget,Truth Ratio Forget,Model Utility,Forget Quality,Method,Submitted By
0.40149999999999997,0.39198457364702305,0.5257514466092552,0.6064102564102565,0.3492135453573626,0.49627189822305595,0.3808929702706235,0.13033961898832178,0.2363555800542599,0.40394637642253756,0.1435265472030144,0.6910072364710405,0.3214279074564165,0.6284308022715471,BM_dp_MLM_Tr_on_full_data_epoch6_lr5e-05_llama2-7b_wd0.01_eps_0.1,tamim
