ROUGE Real Authors,Prob. Real Authors,Truth Ratio Real Authors,ROUGE Real World,Prob. Real World,Truth Ratio Real World,ROUGE Retain,Prob. Retain,Truth Ratio Retain,ROUGE Forget,Prob. Forget,Truth Ratio Forget,Model Utility,Forget Quality,Method,Submitted By
0.45399999999999996,0.38663791801793557,0.5082097025078268,0.6455840455840456,0.35025367794343326,0.5183132863250761,0.9489265649789658,0.9743456172672895,0.4636962644319967,0.9608743416706524,0.980604478493618,0.5325447363007519,0.5194246367070439,3.0799540915748314e-12,FM_RT_BM_dp_data_on_full_epoch_3_lr_5e-05_llama2-7b_wd_0.01_eps_1.0,tamim
