ROUGE Real Authors,Prob. Real Authors,Truth Ratio Real Authors,ROUGE Real World,Prob. Real World,Truth Ratio Real World,ROUGE Retain,Prob. Retain,Truth Ratio Retain,ROUGE Forget,Prob. Forget,Truth Ratio Forget,Model Utility,Forget Quality,Method,Submitted By
0.4706666666666666,0.36440051739883345,0.4425928850802041,0.6648148148148147,0.35300243121530855,0.4911002716922031,0.9422745141493771,0.6993182584695211,0.45118135873184867,0.9495756921445307,0.7345091795804802,0.5535222979572926,0.49425604733592327,1.3850840057169374e-11,FDM_FT_BM_dp_MLM_on_full_epoch_3_lr_5e-05_llama2-7b_wd_0.01_eps_0.5,tamim
