ROUGE Real Authors,Prob. Real Authors,Truth Ratio Real Authors,ROUGE Real World,Prob. Real World,Truth Ratio Real World,ROUGE Retain,Prob. Retain,Truth Ratio Retain,ROUGE Forget,Prob. Forget,Truth Ratio Forget,Model Utility,Forget Quality,Method,Submitted By
0.47833333333333333,0.3880899279890202,0.49792000838754835,0.6071225071225071,0.3520282121399054,0.4875806880937902,0.9539333625223644,0.7136418991172021,0.4575397342854916,0.9481642257358015,0.746398539543512,0.553378558497498,0.5042139890157419,4.869254633582969e-10,FDM_FT_BM_dp_MLM_on_full_epoch_3_lr_5e-05_llama2-7b_wd_0.01_eps_0.1,tamim
