ROUGE Real Authors,Prob. Real Authors,Truth Ratio Real Authors,ROUGE Real World,Prob. Real World,Truth Ratio Real World,ROUGE Retain,Prob. Retain,Truth Ratio Retain,ROUGE Forget,Prob. Forget,Truth Ratio Forget,Model Utility,Forget Quality,Method,Submitted By
0.515,0.4338774277980926,0.5775858639064367,0.6826210826210827,0.3756519914158426,0.5436815543107787,0.9812735301890689,0.9895854307432094,0.47275949906411624,0.5737680238764156,0.607079488719691,0.6132964435597029,0.5593873380363346,0.0002829222008740643,FM_RT_BM_dp_data_on_retain95_epoch_3_lr_5e-05_llama2-7b_wd_0.01_eps_100.0,tamim
