ROUGE Real Authors,Prob. Real Authors,Truth Ratio Real Authors,ROUGE Real World,Prob. Real World,Truth Ratio Real World,ROUGE Retain,Prob. Retain,Truth Ratio Retain,ROUGE Forget,Prob. Forget,Truth Ratio Forget,Model Utility,Forget Quality,Method,Submitted By
0.5103333333333333,0.4218969760451469,0.5479145258615944,0.6598290598290597,0.3744356945444142,0.5506117120865406,0.9811826963418472,0.9849556648565586,0.4666504266821249,0.42961240887473834,0.4264711658911716,0.6447320525458261,0.5509767288042946,0.404587405685253,FM_RT_BM_dp_data_on_retain99_epoch_3_lr_5e-05_llama2-7b_wd_0.01_eps_25.0,tamim
