ROUGE Real Authors,Prob. Real Authors,Truth Ratio Real Authors,ROUGE Real World,Prob. Real World,Truth Ratio Real World,ROUGE Retain,Prob. Retain,Truth Ratio Retain,ROUGE Forget,Prob. Forget,Truth Ratio Forget,Model Utility,Forget Quality,Method,Submitted By
0.6083333333333333,0.38322435045496156,0.4825247067874374,0.5971509971509971,0.35542298047917764,0.490490147028142,0.9489055338171234,0.6999765570848894,0.4490938960604301,0.3957704940221332,0.2542974143308841,0.6880999582264027,0.5124753289512921,0.0812184963146534,UM_FT_BM_dp_MLM_on_retain90_epoch_3_lr_5e-05_llama2-7b_wd_0.01_eps_0.5,tamim
