ROUGE Real Authors,Prob. Real Authors,Truth Ratio Real Authors,ROUGE Real World,Prob. Real World,Truth Ratio Real World,ROUGE Retain,Prob. Retain,Truth Ratio Retain,ROUGE Forget,Prob. Forget,Truth Ratio Forget,Model Utility,Forget Quality,Method,Submitted By
0.5808333333333333,0.421174362044236,0.5560830755786141,0.6113960113960114,0.36535170138961276,0.5438109152114015,0.9364226970388214,0.9727389335991995,0.45477132505177337,0.40300970069399633,0.3353093530778392,0.6823787248031077,0.5487583792706408,0.6284308022715471,FM_RT_BM_dp_data_on_retain95_epoch_3_lr_5e-05_llama2-7b_wd_0.01_eps_10.0,tamim
