ROUGE Real Authors,Prob. Real Authors,Truth Ratio Real Authors,ROUGE Real World,Prob. Real World,Truth Ratio Real World,ROUGE Retain,Prob. Retain,Truth Ratio Retain,ROUGE Forget,Prob. Forget,Truth Ratio Forget,Model Utility,Forget Quality,Method,Submitted By
0.5745,0.41880230514887534,0.5454039477164552,0.5914529914529915,0.38500990440702354,0.5688866506303422,0.9860289613633543,0.9893682379497729,0.47362773752992005,0.5501143648300819,0.5830214276427506,0.6134207842010387,0.5574794315856579,2.2828373266480134e-07,FM_RT_BM_dp_data_on_retain90_epoch_3_lr_5e-05_llama2-7b_wd_0.01_eps_100.0,tamim
