ROUGE Real Authors,Prob. Real Authors,Truth Ratio Real Authors,ROUGE Real World,Prob. Real World,Truth Ratio Real World,ROUGE Retain,Prob. Retain,Truth Ratio Retain,ROUGE Forget,Prob. Forget,Truth Ratio Forget,Model Utility,Forget Quality,Method,Submitted By
0.5501666666666667,0.3952459059106147,0.4934983396754315,0.6726495726495727,0.364863587736164,0.4932720162710469,0.9444264201558544,0.7131782931605233,0.4557147560795117,0.401402025236683,0.25500625166887847,0.6883299286883117,0.5207094521631729,0.12122695053622792,UM_FT_BM_dp_MLM_on_retain90_epoch_3_lr_5e-05_llama2-7b_wd_0.01_eps_0.1,tamim
