ROUGE Real Authors,Prob. Real Authors,Truth Ratio Real Authors,ROUGE Real World,Prob. Real World,Truth Ratio Real World,ROUGE Retain,Prob. Retain,Truth Ratio Retain,ROUGE Forget,Prob. Forget,Truth Ratio Forget,Model Utility,Forget Quality,Method,Submitted By
0.5243333333333333,0.36810882541583045,0.4530969123828655,0.6156695156695157,0.36084918570360464,0.4915472059599345,0.4557553164620189,0.583500437089064,0.31662319870465633,0.397592035640089,0.3896466575641031,0.7370094514573537,0.4427615271285011,0.1420746514551761,FM_RT_BM_dp_data_on_retain95_epoch_1_lr_5e-05_llama2-7b_wd_0.01_eps_1.0,tamim
