ROUGE Real Authors,Prob. Real Authors,Truth Ratio Real Authors,ROUGE Real World,Prob. Real World,Truth Ratio Real World,ROUGE Retain,Prob. Retain,Truth Ratio Retain,ROUGE Forget,Prob. Forget,Truth Ratio Forget,Model Utility,Forget Quality,Method,Submitted By
0.5670000000000001,0.449007887929845,0.5929909507015931,0.5957264957264956,0.3616955928399706,0.5425714370408676,0.9526480550569787,0.9774775675549847,0.45831800297594893,0.4031767595958401,0.36590251474576363,0.6816777189460133,0.5549300914054923,0.9188052214121167,FM_RT_BM_dp_data_on_retain99_epoch_3_lr_5e-05_llama2-7b_wd_0.01_eps_10.0,tamim
