ROUGE Real Authors,Prob. Real Authors,Truth Ratio Real Authors,ROUGE Real World,Prob. Real World,Truth Ratio Real World,ROUGE Retain,Prob. Retain,Truth Ratio Retain,ROUGE Forget,Prob. Forget,Truth Ratio Forget,Model Utility,Forget Quality,Method,Submitted By
0.512,0.38535314946729193,0.4781162054658352,0.6527065527065528,0.3478570000885241,0.5039211603440578,0.9474196461252342,0.6981482361875667,0.4550486011457364,0.4096501490835248,0.2647548430256136,0.6865672539440402,0.5080044718535398,0.7933622419382523,UM_FT_BM_dp_MLM_on_retain95_epoch_3_lr_5e-05_llama2-7b_wd_0.01_eps_0.5,tamim
