ROUGE Real Authors,Prob. Real Authors,Truth Ratio Real Authors,ROUGE Real World,Prob. Real World,Truth Ratio Real World,ROUGE Retain,Prob. Retain,Truth Ratio Retain,ROUGE Forget,Prob. Forget,Truth Ratio Forget,Model Utility,Forget Quality,Method,Submitted By
0.49416666666666664,0.3598526890030407,0.43065787111127796,0.6056980056980058,0.3560784663155912,0.4845223739407226,0.457361966460122,0.5886361376558227,0.31908671655885323,0.37525653704414513,0.4416665795494449,0.7201787236857491,0.43547606903855585,0.7659314523482239,FM_RT_BM_dp_data_on_retain99_epoch_1_lr_5e-05_llama2-7b_wd_0.01_eps_1.0,tamim
