ROUGE Real Authors,Prob. Real Authors,Truth Ratio Real Authors,ROUGE Real World,Prob. Real World,Truth Ratio Real World,ROUGE Retain,Prob. Retain,Truth Ratio Retain,ROUGE Forget,Prob. Forget,Truth Ratio Forget,Model Utility,Forget Quality,Method,Submitted By
0.557,0.3938169494560552,0.519050167867417,0.6605413105413105,0.3602639490174162,0.5317531878287465,0.988472750702573,0.9947304180015404,0.46952583246784885,0.3964207872505124,0.2944790147242492,0.6647898851910576,0.5428825783477612,0.21005749381264038,FM_RT_BM_dp_data_on_retain90_epoch_4_lr_5e-05_llama2-7b_wd_0.01_eps_1.0,tamim
