ROUGE Real Authors,Prob. Real Authors,Truth Ratio Real Authors,ROUGE Real World,Prob. Real World,Truth Ratio Real World,ROUGE Retain,Prob. Retain,Truth Ratio Retain,ROUGE Forget,Prob. Forget,Truth Ratio Forget,Model Utility,Forget Quality,Method,Submitted By
0.48766666666666664,0.4345206705376792,0.5508008559225689,0.6441595441595442,0.3876369157781964,0.5600037108445601,0.969248856835436,0.9815801385342862,0.4646572703517474,0.4203441395549622,0.39744669736748295,0.6744825194268345,0.552555099188585,0.5452713464323318,FM_RT_BM_dp_data_on_retain95_epoch_3_lr_5e-05_llama2-7b_wd_0.01_eps_25.0,tamim
