ROUGE Real Authors,Prob. Real Authors,Truth Ratio Real Authors,ROUGE Real World,Prob. Real World,Truth Ratio Real World,ROUGE Retain,Prob. Retain,Truth Ratio Retain,ROUGE Forget,Prob. Forget,Truth Ratio Forget,Model Utility,Forget Quality,Method,Submitted By
0.5646666666666667,0.41432902833985713,0.5285109145546923,0.6676638176638178,0.3933045116193881,0.5761453314626086,0.9675468843166221,0.9808469220175866,0.46024512910576976,0.425099926654736,0.3621723064262893,0.6742333180799566,0.5597564357884953,0.0812184963146534,FM_RT_BM_dp_data_on_retain90_epoch_3_lr_5e-05_llama2-7b_wd_0.01_eps_25.0,tamim
