ROUGE Real Authors,Prob. Real Authors,Truth Ratio Real Authors,ROUGE Real World,Prob. Real World,Truth Ratio Real World,ROUGE Retain,Prob. Retain,Truth Ratio Retain,ROUGE Forget,Prob. Forget,Truth Ratio Forget,Model Utility,Forget Quality,Method,Submitted By
0.5736666666666667,0.43399728283807176,0.57658872279808,0.6641025641025641,0.3835687437069769,0.5560568776203365,0.984275314637811,0.9900491306730521,0.4722183763657062,0.509328046952596,0.6335565579845179,0.6272137714809646,0.5683028226879909,0.404587405685253,FM_RT_BM_dp_data_on_retain99_epoch_3_lr_5e-05_llama2-7b_wd_0.01_eps_100.0,tamim
