ROUGE Real Authors,Prob. Real Authors,Truth Ratio Real Authors,ROUGE Real World,Prob. Real World,Truth Ratio Real World,ROUGE Retain,Prob. Retain,Truth Ratio Retain,ROUGE Forget,Prob. Forget,Truth Ratio Forget,Model Utility,Forget Quality,Method,Submitted By
0.42016666666666663,0.39262590866071606,0.4940199909690924,0.6085470085470086,0.34747734938424074,0.4852218459073314,0.9345453636160973,0.7050193279867284,0.44996921550098545,0.3932286153580871,0.2735914766605205,0.6994577518997059,0.49331173102860976,0.32811544409418575,UM_FT_BM_dp_MLM_on_retain95_epoch_3_lr_5e-05_llama2-7b_wd_0.01_eps_0.1,tamim
