ROUGE Real Authors,Prob. Real Authors,Truth Ratio Real Authors,ROUGE Real World,Prob. Real World,Truth Ratio Real World,ROUGE Retain,Prob. Retain,Truth Ratio Retain,ROUGE Forget,Prob. Forget,Truth Ratio Forget,Model Utility,Forget Quality,Method,Submitted By
0.46666666666666673,0.3753045743844644,0.4843269898205931,0.6541310541310541,0.3590154241498037,0.5058405138966872,0.9534638272214738,0.7157308132026908,0.45212295903310823,0.41629223545483196,0.31083180493714063,0.6769678675331227,0.5050250561097938,0.9188052214121167,UM_FT_BM_dp_MLM_on_retain99_epoch_3_lr_5e-05_llama2-7b_wd_0.01_eps_0.1,tamim
