ROUGE Real Authors,Prob. Real Authors,Truth Ratio Real Authors,ROUGE Real World,Prob. Real World,Truth Ratio Real World,ROUGE Retain,Prob. Retain,Truth Ratio Retain,ROUGE Forget,Prob. Forget,Truth Ratio Forget,Model Utility,Forget Quality,Method,Submitted By
0.472,0.3968024461766847,0.4911547759100099,0.5829059829059828,0.35642654466086143,0.49306185770142974,0.9516721827918857,0.7038323196317519,0.4496905821659837,0.3968862185437,0.3153923698232327,0.6825321774205022,0.5022476447174614,0.99992460868065,UM_FT_BM_dp_MLM_on_retain99_epoch_3_lr_5e-05_llama2-7b_wd_0.01_eps_0.5,tamim
