ROUGE Real Authors,Prob. Real Authors,Truth Ratio Real Authors,ROUGE Real World,Prob. Real World,Truth Ratio Real World,ROUGE Retain,Prob. Retain,Truth Ratio Retain,ROUGE Forget,Prob. Forget,Truth Ratio Forget,Model Utility,Forget Quality,Method,Submitted By
0.5693333333333334,0.38294758168582904,0.4785145352119443,0.6085470085470086,0.35507901423792276,0.46236005024760346,0.47819490085277,0.6134749359128565,0.3364857336872544,0.3796477610216803,0.3895577590883614,0.7315158388968207,0.45516465752472385,0.012491357471341868,FM_RT_BM_dp_data_on_retain90_epoch_1_lr_5e-05_llama2-7b_wd_0.01_eps_1.0,tamim
