ROUGE Real Authors,Prob. Real Authors,Truth Ratio Real Authors,ROUGE Real World,Prob. Real World,Truth Ratio Real World,ROUGE Retain,Prob. Retain,Truth Ratio Retain,ROUGE Forget,Prob. Forget,Truth Ratio Forget,Model Utility,Forget Quality,Method,Submitted By
0.6278333333333334,0.41329200329413224,0.5439483150357545,0.5487179487179488,0.37190042469942963,0.5594973948779235,0.9419479918851827,0.9713215717119456,0.45858205061514584,0.39784200748881793,0.3236991092084158,0.6859275378525164,0.5480714701785941,0.14660689047075634,FM_RT_BM_dp_data_on_retain90_epoch_3_lr_5e-05_llama2-7b_wd_0.01_eps_10.0,tamim
